id_estudiante,legajo,nombre,edad,genero,grado,seccion,asistencia_inicial,asistencia,calificacion_matematica,calificacion_lengua,horas_clase_semanales,motivacion,habilidades_de_autorregulacion,habilidades_interpersonales,habilidades_intrapersonales,conducta_riesgo,libros_en_casa,internet_en_casa,distancia_escuela_km,clima_escolar,capacitacion_docente_anual_horas,tenencia_director_anos,adecuaciones_curriculares,tipo_neae,violencia_familiar,enfermedad_grave_familiar,catastrofe_familiar,resiliencia_familiar,conducta_riesgo_observada
1,09440,Jared Cabrera,6,M,1,A,True,90.28,1.0,4.1,20,2,3,2,3,5,True,True,6.81,5,72,30,True,Normal,False,True,False,5,False
2,1961,Wendy Figueroa,6,F,1,A,True,75.24,9.1,1.4,24,1,4,2,5,5,True,True,5.29,2,7,3,True,Dislexia,True,False,False,4,False
3,4551501,Marlene Salgado,7,F,2,C,True,77.61,5.4,1.7,22,2,3,2,3,2,False,True,11.16,5,28,1,False,Normal,False,False,False,4,False
4,77043221,Martín Rodríguez,10,M,5,C,True,90.43,6.1,3.6,27,5,2,5,5,5,True,True,4.93,4,24,21,False,Normal,False,False,False,1,False
5,112308,Isaac Giménez,6,M,1,A,True,90.25,1.5,2.5,21,3,4,4,3,5,False,True,8.98,3,47,24,False,Normal,False,False,False,3,False
6,31483,Rafael Espinosa,6,M,1,C,False,93.59,8.9,9.0,23,2,4,4,2,4,True,True,13.37,2,48,20,False,Normal,False,True,False,1,True
7,6671229377,Joselito Rangel,10,M,5,B,False,85.9,2.8,1.9,24,2,3,1,3,5,False,True,4.23,1,17,20,False,Normal,False,True,False,5,False
8,835357689,Aura Cabrera,9,F,4,C,True,98.11,7.4,7.1,23,3,4,3,2,4,True,True,7.39,2,64,10,False,Normal,False,False,False,5,False
9,55332,Osvaldo Cárdenas,8,M,3,B,True,87.96,7.2,8.9,26,2,2,5,1,5,True,True,3.17,3,10,9,False,Normal,False,False,False,4,False
10,15142,Tiburcio Rueda,8,M,3,A,True,72.85,2.5,9.8,34,1,4,1,3,2,False,True,13.68,1,78,13,False,Normal,False,True,False,2,False
11,772206,Luz María Paredes,6,F,1,B,True,86.05,5.7,7.5,29,4,1,2,5,4,False,True,9.48,2,55,3,False,Normal,False,False,False,5,False
12,29948,Luciano Del Valle,6,M,1,A,False,94.47,5.1,1.6,30,4,1,4,2,2,True,True,4.18,5,40,26,False,Normal,False,False,False,2,False
13,907847550,Rebeca Mansilla,6,F,1,A,True,82.9,5.8,2.0,32,4,1,2,1,1,False,True,10.56,3,17,1,False,Dislexia,True,False,False,5,False
14,0398,Jerónimo Camacho,7,M,2,C,True,74.65,3.7,8.9,25,3,5,5,4,1,True,False,3.4,1,9,26,False,Normal,False,True,True,1,True
15,5616647,Alejandra Albornoz,10,F,5,C,True,88.43,6.6,2.8,26,5,4,2,4,4,False,True,3.2,3,48,8,False,Normal,False,False,False,5,False
16,99434,Constanza Vargas,7,F,2,C,True,71.03,9.1,1.5,29,5,4,4,4,4,False,True,5.89,4,25,17,False,Normal,False,False,False,1,False
17,1559,Javier Zamora,11,M,6,B,True,76.49,2.5,5.9,35,5,1,4,2,4,True,True,1.33,5,76,18,False,Normal,False,True,False,5,False
18,5528,Emma Castillo,9,F,4,A,True,87.83,1.0,1.7,35,1,5,3,5,4,True,True,7.41,5,31,9,True,TDAH,False,False,False,1,False
19,25767467,Adrián Esquivel,8,M,3,A,True,77.53,3.2,7.2,23,2,1,2,3,3,True,True,2.08,5,48,12,False,Normal,False,False,False,4,False
20,7455534,Emanuel Acosta,8,M,3,A,True,82.54,6.5,8.7,34,2,1,5,5,1,True,True,10.33,4,60,6,True,Normal,False,False,False,4,False
21,5691,Sofía Rodríguez,9,F,4,C,True,88.18,6.6,7.4,24,1,2,2,2,4,True,True,11.5,1,24,19,False,Normal,False,False,False,3,False
22,406160085,Gabriel Ibáñez,10,M,5,B,True,76.9,9.8,6.0,31,2,3,5,2,1,True,True,4.18,5,4,6,True,Dislexia,False,True,True,3,True
23,65277866,Enzo Roldán,11,M,6,C,True,93.67,6.9,1.9,21,4,2,3,4,3,False,True,5.46,3,56,23,False,Normal,False,False,False,5,False
24,14854,Nidia Andrade,10,F,5,B,True,72.19,8.3,3.0,23,3,5,5,5,2,True,True,1.79,4,22,5,True,Normal,True,False,True,3,False
25,583444567,Dulce Soto,6,F,1,C,True,78.14,4.4,4.4,31,3,2,5,4,5,False,True,6.17,5,1,20,True,Normal,False,False,False,1,False
26,8425,Ninoska Valdés,11,F,6,A,True,72.58,4.3,9.1,20,1,4,2,2,4,False,False,3.2,2,30,2,False,Normal,False,False,False,3,False
27,551159,Andrea Díaz,8,F,3,B,True,81.66,1.8,2.4,27,1,3,2,5,4,True,True,10.14,1,46,1,False,Normal,True,False,False,3,True
28,0359,Rocío Cuevas,7,F,2,B,True,82.71,5.0,4.3,32,4,4,4,1,5,True,True,12.9,3,4,4,False,Normal,False,False,False,5,False
29,787032,Milagros Cáceres,7,F,2,B,True,88.54,6.5,2.7,21,1,4,1,2,1,False,True,10.42,1,31,25,False,Normal,False,False,False,1,True
30,826497,Rubí Ponce,10,F,5,C,True,82.28,8.6,5.5,22,1,2,4,5,3,True,True,1.87,1,53,24,True,Normal,False,True,False,4,False
31,26089,Diana Cáceres,8,F,3,A,True,97.54,5.8,3.1,30,4,1,2,2,3,True,True,7.18,1,20,12,False,Normal,False,False,False,5,False
32,0812672,Zoraida Gallardo,7,F,2,A,True,78.42,3.9,5.0,24,3,5,2,1,3,True,True,8.61,1,42,2,False,Normal,False,True,False,1,False
33,2828,Lola Varela,9,F,4,C,True,71.7,9.8,7.0,27,1,5,1,4,4,True,False,9.03,2,13,10,False,Normal,False,True,False,5,False
34,2252046155,Octavio Barreto,7,M,2,C,True,91.76,5.6,8.0,28,3,4,1,5,1,True,True,7.29,1,19,11,True,TDAH,False,False,False,5,False
35,165641468,Ximena Rosales,9,F,4,A,True,89.28,4.9,6.4,28,4,4,4,4,5,True,True,5.05,2,19,22,False,Normal,False,False,False,1,False
36,990623882,Nazario Delgadillo,9,M,4,A,True,70.27,8.3,9.6,27,1,2,3,5,3,True,True,12.64,2,46,30,True,Normal,False,False,False,4,False
37,4927738,Guadalupe Ibáñez,8,F,3,C,True,78.33,1.5,9.6,28,1,2,3,3,1,True,True,4.22,1,39,24,True,Normal,False,False,False,2,True
38,265538,Mariano Velasco,11,M,6,B,True,89.42,2.7,9.9,27,2,2,4,5,5,True,True,11.97,3,14,11,False,TDAH,False,False,False,2,False
39,0152686,Serafín Del Valle,11,M,6,C,True,78.39,9.5,6.7,23,5,2,3,3,4,True,False,13.14,5,54,9,True,Normal,False,False,False,3,False
40,198031460,Matías Gutiérrez,8,M,3,C,True,95.07,4.3,7.2,21,1,5,4,5,4,True,True,8.19,1,56,29,False,Normal,False,False,True,3,False
41,6731020699,Bautista Ayala,8,M,3,B,True,92.02,9.9,4.4,26,2,5,4,1,2,False,True,9.16,1,66,24,False,Normal,False,False,False,4,True
42,12203,Leonardo Duarte,9,M,4,B,True,70.98,2.8,2.5,21,4,1,2,5,4,True,True,8.25,2,72,17,False,Normal,False,False,False,5,False
43,590671806,Zacarías Montesinos,11,M,6,A,True,99.25,2.2,7.6,33,4,1,5,3,4,True,True,13.17,1,54,8,False,Normal,False,False,False,4,False
44,67977,Iara Cardozo,7,F,2,C,True,85.64,2.9,8.0,20,3,3,3,3,5,False,True,10.59,2,28,30,False,TDAH,False,False,False,5,False
45,64228585,Andrés Aguirre,10,M,5,B,True,83.59,5.2,9.8,29,3,5,3,2,2,True,True,5.81,3,38,6,False,TDAH,False,False,False,1,False
46,2061,Valentina López,10,F,5,A,True,84.5,1.3,1.4,28,3,5,5,4,1,True,True,11.3,2,4,29,False,Normal,False,False,False,4,True
47,0731,Alma Medina,11,F,6,B,True,83.74,2.0,5.0,25,4,5,3,1,1,False,False,12.1,2,63,17,False,Normal,False,False,False,5,False
48,733420,Aída Godoy,11,F,6,C,True,98.6,7.4,2.6,35,5,4,5,4,2,True,True,12.66,2,14,26,True,Normal,False,True,False,1,False
49,91536,Clara Espinoza,6,F,1,B,False,84.56,6.2,4.3,31,3,3,1,3,3,True,True,1.75,2,11,4,True,TDAH,False,False,False,3,False
50,104521,Zacarías Ferreyra,9,M,4,B,True,74.07,2.3,5.9,20,4,4,4,5,4,True,True,0.8,1,37,16,False,TEA,False,False,False,1,False
51,5401804,Olivia Carrizo,8,F,3,C,False,70.75,5.4,4.0,25,4,4,4,1,1,False,True,11.79,2,79,1,False,Normal,False,False,False,4,False
52,4677191,Ludovico Roldán,8,M,3,A,True,93.3,4.8,8.1,22,1,5,2,1,1,True,True,7.22,5,31,7,False,Normal,False,False,False,4,False
53,5751130,Eliseo Galván,7,M,2,A,True,89.83,4.4,8.3,32,4,5,4,1,1,False,True,5.1,5,36,15,False,Normal,False,True,False,4,True
54,86708,Aldair Ferreyra,11,M,6,A,True,70.33,6.0,9.4,29,3,3,3,2,4,False,True,2.46,4,9,3,True,TEA,False,False,True,5,False
55,70127294,Melina Sosa,9,F,4,A,True,80.87,4.8,6.5,35,5,5,1,2,3,True,True,4.45,1,29,29,True,Normal,False,True,False,1,False
56,228912,Amarilis Montoya,7,F,2,A,True,71.56,6.4,3.1,33,2,1,4,3,5,False,True,12.36,3,6,3,False,Normal,False,True,False,3,False
57,708746,Cornelio Rueda,10,M,5,B,False,73.17,2.6,4.2,35,5,5,5,2,2,True,True,5.29,4,30,15,False,TEA,False,False,False,5,False
58,66033,Marcos Vidal,10,M,5,A,True,76.96,9.4,6.5,23,5,1,5,5,5,True,True,1.5,1,27,7,False,Normal,False,False,False,4,False
59,0989382,Sebastián Téllez,8,M,3,B,True,77.85,7.7,5.8,27,3,5,5,3,3,True,True,11.31,2,0,8,False,Normal,False,False,False,4,False
60,98054,Nadia Ojeda,7,F,2,C,True,76.22,5.3,2.7,28,5,2,1,3,3,False,True,2.49,2,51,8,True,Normal,False,False,False,4,False
61,440398179,Rosa María Lara,6,F,1,A,False,90.45,4.8,6.8,27,3,4,3,2,1,True,True,0.99,4,26,8,False,Normal,False,False,False,5,False
62,47317355,Godofredo Bustillo,8,M,3,A,True,84.55,4.4,6.2,30,4,1,5,5,2,True,True,0.94,2,13,17,True,Normal,False,False,False,2,True
63,5348,Zoila Reyes,7,F,2,C,False,95.48,5.3,5.4,34,3,4,3,1,3,True,True,4.63,1,68,28,False,Normal,False,False,True,5,True
64,559149,Ester Quiroga,6,F,1,A,True,76.53,7.2,1.9,30,5,4,2,5,1,False,True,14.53,1,35,7,False,Normal,False,False,False,5,False
65,0063566321,Teresita Bustillo,9,F,4,C,True,77.92,5.6,1.1,33,1,4,3,3,1,True,True,8.97,4,41,24,True,Normal,False,True,False,3,False
66,5841905,Jovita Quintana,7,F,2,A,True,95.74,9.4,4.5,25,4,4,2,1,3,True,True,4.79,5,55,18,False,Dislexia,False,True,False,4,False
67,505405,Jazmín Cruz,7,F,2,C,True,71.23,1.4,4.3,34,3,5,4,2,2,True,True,6.61,3,33,3,False,Normal,True,False,False,4,False
68,676316,Trinidad Maldonado,7,F,2,B,True,96.36,9.4,6.0,31,2,4,2,4,1,False,True,14.17,5,8,19,False,Normal,False,False,False,2,False
69,9009478724,Yolanda Tejada,9,F,4,C,True,71.25,6.0,2.5,21,4,5,3,1,4,False,True,10.04,3,24,7,False,Normal,False,False,False,3,False
70,50926722,Fabiola Varela,11,F,6,A,True,87.57,8.1,7.1,23,5,3,5,3,3,True,True,0.81,4,28,10,False,Normal,True,False,False,2,False
71,5868,Bianca Navarro,8,F,3,A,True,89.73,8.7,5.9,28,2,3,1,4,2,True,True,11.78,1,72,24,False,Normal,False,False,False,2,False
72,75142,Miguel Ángel Ponce,7,M,2,B,False,91.06,4.6,4.0,30,1,3,1,4,3,False,True,4.65,1,58,22,False,Normal,False,False,False,5,False
73,57350,Luana Olivares,6,F,1,B,True,99.65,7.3,4.4,26,4,2,5,5,3,False,True,11.82,5,74,20,False,Normal,False,False,False,1,False
74,31562,Benjamín Segovia,10,M,5,B,True,92.51,1.1,5.2,32,1,1,4,2,4,True,False,8.55,4,61,12,False,TEA,False,False,False,5,False
75,66035,Elena Orozco,7,F,2,A,True,78.63,5.3,5.9,28,2,5,1,3,3,True,False,6.95,5,23,30,False,TDAH,False,False,False,3,False
76,3251786,Bernardo Lira,6,M,1,B,True,94.05,5.4,5.2,31,3,1,1,3,1,False,True,3.33,3,27,15,False,Normal,False,False,False,1,False
77,975608,Carolina Ordoñez,11,F,6,B,True,76.29,10.0,5.6,21,5,3,3,1,1,True,True,2.66,2,14,27,True,Normal,False,False,False,2,False
78,05776,Bertha Castro,7,F,2,B,True,86.69,4.2,8.3,33,5,2,1,3,1,True,True,11.16,5,73,25,True,Normal,False,True,False,2,False
79,880634,Joaquín Suárez,11,M,6,A,False,81.23,8.0,9.6,20,1,2,2,2,1,False,True,13.44,4,31,22,False,Normal,False,False,False,4,False
80,795158,Santiago Cabrera,11,M,6,B,True,94.53,3.1,7.2,20,1,2,4,5,4,False,True,10.64,1,34,10,True,Normal,False,False,False,5,False
81,4304317476,Selena Cabrera,11,F,6,B,True,77.56,9.7,7.1,21,4,5,2,1,4,False,True,12.28,2,15,28,False,Normal,False,False,False,1,False
82,39528,Pedro Gómez,6,M,1,A,True,91.92,1.7,7.6,31,2,3,4,1,4,False,True,6.8,1,56,9,False,Dislexia,False,False,False,1,False
83,1558990,Karen Santillán,7,F,2,C,True,95.09,8.3,2.1,25,5,5,4,5,4,True,False,11.0,3,54,4,True,TDAH,False,True,False,2,False
84,457348981,Jeremías Ceballos,6,M,1,A,True,92.92,3.5,9.0,35,2,1,4,3,4,True,True,2.44,1,77,24,False,TDAH,False,False,True,3,False
85,532867,Juan Pérez,9,M,4,A,True,74.01,3.7,3.4,35,4,5,3,2,4,True,True,7.86,5,79,14,False,TEA,False,True,False,2,False
86,39479,Valente Alarcón,6,M,1,A,True,74.14,2.9,1.9,32,1,5,4,4,4,True,False,11.02,3,28,22,True,Normal,False,False,False,1,True
87,484290750,Janet Orellana,6,F,1,B,True,93.24,5.2,7.6,21,2,5,2,5,2,True,True,4.39,5,3,2,False,Normal,False,False,False,3,False
88,40034,Carmelita Mesa,9,F,4,B,True,73.06,1.8,1.4,32,2,4,2,3,3,True,False,1.21,1,76,16,False,Normal,True,False,False,2,False
89,765667538,Alan Castro,9,M,4,A,True,98.2,5.1,4.0,21,1,1,5,2,4,False,False,14.09,5,11,9,False,Normal,False,False,False,4,False
90,87843,María González,7,F,2,B,True,97.1,4.0,6.9,20,3,1,3,5,4,True,True,10.45,5,62,1,False,TDAH,False,True,False,1,False
91,010442665,Agustina Díaz,6,F,1,A,False,99.59,9.2,5.2,34,3,3,5,2,4,False,True,7.7,3,9,6,False,Normal,False,False,False,4,True
92,773020928,Hortensia Vidal,7,F,2,A,True,88.75,2.5,1.3,33,1,2,4,5,3,True,False,1.48,3,37,17,False,Normal,False,False,False,4,False
93,9276,Marcelo Contreras,6,M,1,A,True,74.48,9.1,1.6,31,5,4,1,4,5,True,False,2.58,2,37,1,False,Normal,False,False,True,2,False
94,4009643,Orestes Cáceres,8,M,3,C,True,71.81,8.6,7.1,27,1,5,4,2,3,True,True,8.06,3,59,22,False,Normal,False,False,False,1,False
95,6663,Matilde Meza,8,F,3,C,True,75.32,9.7,8.9,30,5,5,5,5,5,True,True,10.22,3,59,16,False,Normal,False,False,False,2,False
96,483730,Abril Cabrera,6,F,1,C,True,84.22,9.4,7.8,23,1,1,1,3,4,True,True,3.87,2,64,18,False,Normal,False,False,False,4,False
97,79181,David Montenegro,9,M,4,C,True,90.16,2.3,6.9,35,3,5,5,2,1,False,True,6.41,1,43,15,False,Normal,False,True,False,2,False
98,8198,Rolando Barreto,10,M,5,A,True,97.1,7.2,8.1,21,5,4,3,5,2,False,True,4.43,4,54,17,True,Normal,False,False,False,4,True
99,94394727,Dionisio Cabello,10,M,5,C,True,83.91,5.7,2.7,35,3,4,3,4,2,False,True,5.81,3,40,20,True,TEA,False,False,False,3,False
100,712870510,Ivana Ledesma,9,F,4,B,True,95.18,2.3,5.2,31,2,1,3,5,2,True,False,3.94,1,60,25,False,Normal,False,False,False,1,True
101,53380458,Adela Téllez,9,F,4,C,True,92.76,2.6,5.9,22,4,1,5,5,5,True,False,10.44,3,10,27,False,Normal,True,False,False,3,True
102,11407688,Mireya Mora,9,F,4,C,True,80.28,6.0,7.3,25,4,5,2,4,4,False,False,4.83,2,20,3,False,TDAH,False,False,False,1,False
103,913268349,Mónica Alarcón,6,F,1,B,True,71.72,9.7,7.9,31,1,5,2,5,5,True,True,13.48,4,73,16,False,Normal,False,False,False,1,False
104,27547,Severiano Ochoa,7,M,2,C,True,76.33,1.4,1.2,27,2,4,3,3,1,True,True,13.74,1,20,20,False,Dislexia,False,False,False,3,False
105,46724646,Luisa Dávila,9,F,4,B,False,94.26,3.4,9.4,20,1,5,5,2,5,True,True,10.05,2,27,28,False,TDAH,False,True,True,4,False
106,21255,Luis Miguel Soto,9,M,4,B,True,78.87,2.9,3.1,20,4,1,1,2,2,False,True,2.11,4,63,21,False,Dislexia,False,False,False,1,False
107,9117169,Fermín Vázquez,7,M,2,A,True,83.83,4.5,6.5,22,4,1,1,5,3,True,True,7.33,3,0,20,True,Dislexia,False,False,False,3,True
108,7620000455,Eugenia Godoy,10,F,5,B,True,75.5,2.6,5.2,28,1,2,3,5,3,False,True,13.83,5,18,14,True,Normal,False,True,False,4,False
109,60193,Augusto Pacheco,7,M,2,C,True,82.09,4.9,5.9,26,1,5,1,2,1,False,True,9.02,1,55,26,False,Normal,False,True,False,1,False
110,1988986,Felipe Bustos,8,M,3,C,True,97.24,3.7,4.5,32,3,1,3,4,2,True,True,2.36,2,65,21,False,Normal,False,True,False,2,True
111,45562185,Obdulio Barros,9,M,4,C,False,97.82,5.4,4.5,31,1,5,1,5,3,True,True,7.27,1,34,27,False,Normal,False,False,False,5,False
112,0492364,Saturnino Lira,11,M,6,C,True,70.29,9.4,1.1,22,1,3,1,2,5,True,True,4.44,5,34,2,False,Normal,False,True,False,2,False
113,86855,Vianca Lerma,9,F,4,B,False,74.3,1.7,1.7,29,5,4,4,4,1,True,True,7.73,4,52,30,False,TEA,False,False,False,5,False
114,791312,Sofía Pizarro,11,F,6,A,True,70.5,6.8,1.2,27,3,3,4,4,5,False,False,7.16,1,50,15,False,TEA,False,True,False,5,False
115,406734160,Perla Cárdenas,11,F,6,C,True,94.43,3.8,1.1,32,4,2,1,3,2,True,True,7.86,4,26,4,True,Normal,False,False,False,3,False
116,73407836,Nahuel Peralta,8,M,3,C,True,87.11,1.9,4.1,21,3,2,1,1,1,True,True,0.51,4,7,28,False,Normal,False,False,False,5,False
117,72522758,Heidy Llanos,11,F,6,A,True,70.62,8.7,2.3,22,3,2,5,4,5,True,True,11.19,3,78,1,False,Normal,True,False,False,3,False
118,1063561150,Katherine Del Valle,9,F,4,C,True,89.26,3.4,2.6,34,1,2,1,1,3,False,True,8.75,5,66,21,False,Normal,False,False,False,2,False
119,996371,Ana Herrera,6,F,1,C,True,76.0,7.4,9.8,22,4,2,5,1,3,True,False,9.27,2,25,24,False,Normal,False,False,False,4,False
120,988824713,Perfecto Oliva,10,M,5,C,True,82.61,6.8,6.5,28,1,2,3,4,4,True,False,2.79,5,45,22,False,Normal,False,False,False,1,False
121,6740,Francisca Vera,7,F,2,C,True,76.25,1.8,4.9,22,5,1,5,1,3,False,True,8.34,5,61,17,False,Normal,False,False,False,4,False
122,8666688,Gilmar Sotelo,6,M,1,A,True,86.42,8.2,7.5,33,2,3,2,3,3,True,True,8.05,5,0,12,False,TEA,False,True,False,5,True
123,07007,Inés Olivares,11,F,6,A,False,84.86,9.5,9.3,31,4,2,3,3,4,False,True,4.31,4,51,3,False,Dislexia,False,True,False,1,True
124,00173095,Leandro Cardozo,7,M,2,C,True,79.28,5.8,5.6,29,3,4,2,3,3,True,True,11.89,2,16,16,False,Normal,False,False,False,5,False
125,58693,Fernando Córdoba,8,M,3,C,True,93.29,3.1,7.5,30,1,3,2,4,1,True,True,1.76,3,45,15,True,Normal,False,False,False,1,False
126,34989,Sanjuana Sotelo,8,F,3,B,True,77.89,2.3,10.0,27,1,2,5,4,5,True,True,6.79,5,29,15,True,Normal,False,False,False,1,False
127,72833177,Herminia Miranda,10,F,5,C,True,82.64,4.1,1.4,35,1,1,4,4,1,False,True,12.01,1,26,30,False,Normal,False,False,False,1,False
128,8029788245,Lautaro Navarro,6,M,1,B,True,74.0,6.5,4.9,32,4,5,5,2,1,True,True,7.89,1,23,19,False,Normal,False,False,False,3,False
129,763478679,Daniela Zárate,8,F,3,B,True,85.48,3.7,2.9,35,4,3,4,4,5,False,True,7.16,2,16,22,False,Normal,False,False,False,3,True
130,4026,Carolina Martínez,11,F,6,C,True,72.07,8.4,1.2,29,1,1,3,5,1,True,True,0.59,1,3,11,True,Normal,False,False,False,5,False
131,72171,Rubén Osorio,9,M,4,A,True,90.77,8.5,1.8,29,3,2,5,2,4,False,True,6.96,4,42,22,False,Normal,False,False,False,5,False
132,6913950,Socorro Delgado,9,F,4,B,True,75.36,6.8,3.3,34,5,1,5,3,2,False,False,10.74,5,80,26,False,Normal,True,False,False,1,False
133,57376579,Reinaldo Bustamante,11,M,6,A,True,86.94,1.0,3.4,31,1,5,1,3,5,True,True,0.65,5,78,24,False,Normal,False,False,False,2,False
134,5501153708,Tadeo Páez,9,M,4,C,True,85.47,5.2,1.4,23,3,3,1,5,3,True,True,13.8,4,38,14,True,Normal,False,False,True,2,False
135,091948,Adrián Mendoza,10,M,5,A,True,98.88,2.0,3.4,24,4,5,1,3,2,True,True,9.28,2,23,1,True,TEA,False,False,False,2,False
136,333626040,Demetrio Olivares,8,M,3,C,True,81.1,6.7,7.6,22,2,3,2,3,1,True,True,10.59,3,80,24,False,Normal,False,False,False,2,False
137,519652,Gabriela Fernández,6,F,1,A,True,78.88,1.3,9.3,34,2,2,5,4,4,False,True,7.02,4,10,26,True,Normal,True,False,False,1,False
138,0931270,Pamela Farías,9,F,4,C,True,92.72,7.5,6.0,31,3,5,1,5,5,True,True,10.86,3,80,7,True,Normal,False,False,False,5,True
139,7486183218,Máximo Collado,7,M,2,A,True,87.87,3.8,4.6,21,2,1,5,1,3,True,True,11.0,5,41,19,False,Normal,False,False,False,3,False
140,5887,Lorenzo Bravo,9,M,4,C,True,77.86,4.6,5.6,22,3,4,1,2,5,True,True,3.91,3,74,5,True,Normal,False,False,False,2,False
141,3570699,Damián Salgado,6,M,1,C,True,70.92,5.5,2.4,33,5,4,3,4,2,True,True,0.42,4,64,16,False,Normal,True,False,False,4,True
142,2449538,Regulo Espinoza,9,M,4,B,False,87.31,7.6,7.1,25,1,4,5,5,2,True,True,3.59,3,76,6,False,TEA,False,False,False,2,False
143,967398509,Odalis Méndez,8,F,3,B,False,83.3,6.6,2.6,20,2,3,4,5,5,False,True,5.33,1,49,11,False,Normal,False,False,False,1,False
144,2872,Rita Ojeda,10,F,5,B,True,79.15,6.4,7.1,23,1,5,3,1,5,True,True,3.16,5,21,27,False,Normal,False,False,False,2,False
145,33845,Vanessa Silva,8,F,3,A,True,79.6,1.2,5.6,26,1,1,1,2,4,False,False,10.24,5,20,12,False,Normal,False,False,False,1,False
146,43722,Arnaldo Bustos,7,M,2,C,True,85.26,8.1,2.9,27,2,3,3,1,5,False,True,2.64,2,3,19,False,Normal,False,False,False,1,False
147,3993,Olga Espinoza,6,F,1,C,True,77.08,5.3,3.4,22,2,3,5,3,4,False,True,2.47,2,24,5,False,TEA,False,False,True,4,False
148,3212,Otoniel Pacheco,8,M,3,C,False,77.26,4.6,7.7,22,3,3,2,3,4,False,True,11.96,5,5,30,False,Normal,True,False,False,5,False
149,9612,Simeón Carrillo,9,M,4,B,True,72.47,5.1,8.3,34,2,1,4,2,3,True,True,6.34,4,36,10,True,Normal,False,False,False,5,True
150,34749068,Elena Godoy,8,F,3,B,False,73.93,6.8,3.9,35,4,4,5,4,2,True,True,0.26,4,14,2,False,Normal,False,False,False,5,False
151,298506,Matheo Correa,6,M,1,C,True,78.9,1.3,8.8,33,2,3,5,3,3,False,False,7.87,5,78,10,False,Normal,False,False,False,1,False
152,6015,Gilberto Esparza,8,M,3,A,True,74.2,5.6,2.5,32,4,2,3,1,1,True,False,2.29,2,69,17,False,Normal,False,False,False,5,True
153,6678,Eustacio Lozano,7,M,2,C,True,88.18,4.4,9.9,31,2,2,3,4,3,True,True,8.02,5,53,5,True,Normal,False,False,False,3,False
154,73782230,Plácido Arce,11,M,6,A,True,73.5,8.9,5.6,34,5,2,1,2,4,False,True,0.87,3,78,3,False,TDAH,False,True,False,3,False
155,2837215,Leslie Montes,10,F,5,B,True,80.53,5.1,9.6,30,1,1,1,4,2,True,True,7.88,5,65,11,True,Normal,False,False,False,1,False
156,144005,Isabella Herrera,6,F,1,B,True,87.6,4.4,6.6,33,1,1,3,1,5,True,True,3.46,2,3,15,False,Normal,False,False,False,2,False
157,02493451,Felipe Figueroa,9,M,4,C,True,87.89,4.0,4.7,24,4,2,5,2,1,True,True,14.82,5,10,10,True,Normal,False,False,False,3,False
158,68513,Antonia Méndez,7,F,2,B,True,82.26,8.2,6.8,20,4,4,4,1,2,False,True,12.06,1,57,13,False,Normal,True,True,False,2,False
159,3008759,Ariana Rojas,6,F,1,B,True,77.87,6.0,4.8,29,2,2,5,4,1,False,True,5.69,5,18,14,False,Normal,False,True,False,5,False
160,2747300033,Valentino Cabrera,11,M,6,A,True,92.92,2.2,2.9,33,5,3,2,3,2,True,False,9.94,5,26,30,False,Normal,True,True,False,4,True
161,59968585,Agustina Arrieta,6,F,1,C,True,76.24,9.6,8.3,27,2,1,1,1,2,False,True,3.24,2,77,16,False,Normal,False,False,False,5,True
162,0861911815,Tirso Mendoza,6,M,1,A,True,99.3,6.5,4.3,20,2,3,4,3,5,True,True,14.82,3,78,27,False,Normal,False,False,False,5,False
163,4984,Hugo Escobar,10,M,5,C,True,91.91,1.2,6.1,21,5,3,4,4,4,True,True,14.22,4,25,11,True,Normal,False,False,True,2,False
164,17823,Efraín Salas,6,M,1,B,True,85.82,6.8,7.9,25,1,1,2,1,3,True,True,14.24,5,11,13,False,TDAH,False,False,False,5,False
165,27809,Ximeno Delgado,11,M,6,B,True,86.71,3.4,8.4,23,1,2,3,3,2,True,True,6.39,1,0,10,False,Normal,False,False,False,2,True
166,914452055,Uriel Páez,10,M,5,A,False,71.11,9.4,2.6,21,5,3,5,1,4,True,True,4.48,4,19,28,False,Normal,False,True,False,2,False
167,27311160,Samanta Olivares,9,F,4,A,False,82.31,3.4,3.3,32,1,1,1,1,3,True,True,6.06,5,38,29,False,Normal,False,False,False,5,False
168,975265220,Cecilia Villalba,10,F,5,B,True,84.12,2.1,7.5,31,5,5,5,5,1,True,True,11.34,3,66,4,False,Normal,False,False,False,3,False
169,87056,Quirino Salgado,8,M,3,C,True,89.46,1.1,8.5,33,1,2,4,2,1,False,True,8.33,4,79,26,True,Normal,False,False,False,4,False
170,0369889,Ámbar Correa,9,F,4,A,True,89.96,3.9,7.9,23,5,2,1,5,2,False,True,0.5,1,4,14,False,TDAH,False,False,False,4,False
171,1668068,Lilian Varela,10,F,5,B,True,91.98,1.2,7.6,24,3,5,4,3,2,True,True,2.39,5,36,30,True,Normal,False,True,False,2,False
172,79935237,Ambar Barrios,10,F,5,C,True,98.38,7.3,9.4,23,1,2,3,3,2,True,False,5.91,1,41,8,False,Normal,False,False,False,3,False
173,977867,Natalia Gutiérrez,7,F,2,C,True,83.7,2.8,2.0,23,1,5,3,5,4,False,False,0.52,2,41,25,False,Normal,False,False,False,2,False
174,1806709349,Jacinta Peres,7,F,2,C,True,89.78,8.6,6.4,26,2,4,2,5,5,True,True,8.39,4,45,29,False,Normal,False,False,False,4,False
175,01414,Alejandra Méndez,9,F,4,C,True,79.95,3.0,2.8,29,5,5,3,2,2,True,True,3.64,3,78,13,False,Normal,False,False,False,3,False
176,365598032,Vanesa Palma,7,F,2,B,True,98.48,1.7,9.3,27,4,1,4,1,2,True,True,6.43,4,63,2,False,Normal,False,False,False,3,True
177,475032,Gabriel Molina,10,M,5,C,True,90.1,3.5,8.2,26,2,2,2,1,4,True,False,13.4,4,79,17,True,Normal,True,False,False,4,False
178,6628,Thiago Paredes,10,M,5,B,True,80.17,4.2,5.2,32,4,3,5,5,2,True,True,7.22,3,58,9,False,Normal,False,False,False,4,False
179,82922,Herminio Valencia,7,M,2,A,True,89.67,5.6,1.3,30,1,2,4,5,4,False,False,2.24,2,66,2,False,TDAH,False,False,False,1,False
180,20456401,Pilar Arrieta,11,F,6,B,True,89.32,7.4,8.0,20,4,1,4,1,5,False,True,3.36,5,27,4,False,Normal,False,False,False,5,True
181,4088711416,Palmira Alvarado,9,F,4,A,False,71.54,2.9,5.4,34,3,4,4,3,3,False,True,7.16,1,35,14,False,TDAH,False,False,False,4,False
182,375088,Laura Valentina Rodríguez,11,F,6,C,True,75.83,6.0,4.0,23,3,1,2,4,4,True,True,2.3,2,32,14,False,Normal,True,False,False,3,False
183,1657484860,Malena Aguirre,7,F,2,A,True,70.17,8.0,3.0,29,4,1,1,1,3,False,True,1.65,3,45,11,True,Normal,False,False,False,4,False
184,3634189,Susana Bustamante,8,F,3,A,True,77.99,9.5,5.4,35,4,4,4,4,4,False,True,8.58,3,8,13,False,Normal,True,True,False,3,False
185,03615,Daniel Fuentes,8,M,3,C,True,81.18,5.5,5.9,28,4,5,4,3,5,True,True,9.65,1,29,16,False,Normal,False,True,False,4,False
186,535286,Julián Espinoza,8,M,3,A,True,97.92,5.9,5.4,24,4,3,4,1,2,True,True,12.25,4,10,11,False,Normal,False,True,False,2,True
187,29312381,Sansón Ponce,6,M,1,B,True,92.79,9.6,2.0,24,5,5,1,5,3,True,True,7.22,2,79,1,False,Normal,True,False,False,3,False
188,0347,Gisela Escobar,10,F,5,B,True,73.68,4.0,1.7,28,2,2,3,1,5,True,True,10.29,1,21,10,False,Normal,False,False,False,4,False
189,895147171,Jair Villalba,11,M,6,C,True,81.03,4.7,2.9,35,3,4,2,1,3,True,True,7.78,5,48,14,False,Normal,False,False,False,2,False
190,82682757,Marco Antonio Ríos,8,M,3,A,True,92.93,4.0,7.7,29,2,5,5,2,4,False,True,13.41,3,74,10,False,Normal,False,False,False,1,False
191,06672,Abel Cuevas,10,M,5,A,True,82.16,1.3,9.2,20,3,3,3,2,3,True,True,11.21,2,8,12,False,Normal,False,False,False,4,False
192,378205582,Silvana Silva,7,F,2,C,True,96.54,4.5,5.4,21,3,3,4,3,2,True,True,0.41,3,77,7,False,Dislexia,False,False,False,4,False
193,53560646,Olegario Mesa,8,M,3,A,True,89.07,4.3,3.0,21,2,3,3,1,3,True,True,2.63,4,42,7,False,Normal,False,False,False,1,False
194,44622,Marcial Carvajal,7,F,2,B,True,78.84,9.5,6.6,31,2,3,1,1,4,True,False,13.65,5,23,12,False,Normal,False,False,False,1,True
195,139884769,Victoria Vargas,6,F,1,A,True,80.3,4.9,9.0,22,2,2,3,3,2,True,False,12.48,3,60,15,False,Normal,False,False,False,4,False
196,1351,Silvio Caballero,10,M,5,A,False,70.79,7.9,7.7,29,5,1,4,2,1,True,True,0.88,4,66,17,False,Normal,False,True,False,2,False
197,5418051,Zenobia Bustillo,7,F,2,A,True,71.33,4.7,9.3,20,3,1,2,4,4,True,True,6.85,3,44,22,False,Normal,False,False,False,5,False
198,8063868,Andrés Bravo,9,M,4,C,True,97.28,2.4,5.6,21,1,3,1,5,5,True,True,5.34,3,34,10,False,Normal,True,False,False,2,False
199,5481,Genaro Murillo,7,M,2,C,False,70.56,7.5,6.4,30,4,3,4,1,1,True,False,12.18,4,7,12,False,Normal,False,False,False,1,False
200,27646,Salvador Gallardo,6,M,1,B,True,80.0,1.1,9.3,35,3,1,1,5,4,True,True,13.14,5,36,28,False,Normal,False,False,False,2,False
201,90378857,Luz Cabrera,8,F,3,B,True,81.86,1.2,1.9,21,4,4,5,5,5,True,False,4.48,5,61,17,False,Normal,True,False,False,3,False
202,0475872506,Onésimo Ríos,7,M,2,C,True,85.14,8.4,5.8,28,4,4,5,2,3,True,True,6.95,5,40,25,True,Normal,False,False,False,5,True
203,46041,Priscila Moya,6,F,1,C,True,79.56,7.0,9.6,25,5,5,1,1,4,False,True,2.97,2,70,3,True,Normal,False,False,False,5,True
204,1603,Timoteo Salas,7,M,2,A,True,81.52,8.5,7.5,23,3,5,2,4,3,True,True,4.76,3,63,6,False,TEA,False,False,False,5,False
205,9645821,Sara Ayala,11,F,6,B,True,77.48,3.9,1.7,23,5,1,4,5,4,False,False,1.67,4,16,26,False,Normal,False,False,False,4,False
206,590543016,Daniela López,11,F,6,B,True,86.44,6.9,4.3,31,3,2,5,1,3,False,True,1.79,2,35,10,False,Normal,False,False,False,3,False
207,59403497,Jonás López,9,M,4,A,True,70.47,6.5,3.5,30,2,4,1,5,1,True,True,7.8,4,68,13,False,Normal,False,True,False,1,False
208,0383,Jéssica Escobar,11,F,6,B,True,77.16,8.0,4.0,21,2,3,1,1,3,False,True,4.17,1,74,6,True,Dislexia,False,False,False,3,False
209,4748603,Eulalio Peñaloza,10,M,5,B,True,81.03,4.2,9.4,30,5,5,4,2,4,True,True,7.96,4,60,20,False,Normal,False,False,False,3,False
210,8420,Clarisa Duarte,10,F,5,C,True,94.27,6.9,4.4,27,4,3,2,4,3,True,True,5.85,2,80,2,False,Normal,False,False,False,5,True
211,62147,Rocío Bravo,11,F,6,A,False,73.4,1.7,3.7,22,5,4,3,1,5,True,False,14.53,3,58,21,False,Normal,False,False,False,3,False
212,75274479,Lucía Fernández,10,F,5,A,True,81.24,5.1,8.6,23,4,3,1,3,4,True,True,8.82,2,39,9,False,Normal,False,True,False,5,False
213,088235059,Wilma Narváez,8,F,3,C,True,95.98,9.0,6.9,33,3,1,1,5,1,True,True,8.95,3,60,19,True,Normal,False,False,False,2,True
214,91240,Oriana Arango,6,F,1,B,True,72.38,4.2,9.0,28,2,1,3,4,4,False,False,10.03,5,20,7,False,Normal,False,False,False,1,False
215,46310,Baltazar Miranda,8,M,3,A,True,86.44,8.3,7.2,33,5,1,2,2,4,False,True,6.41,3,80,2,False,Normal,True,False,False,3,False
216,339431,Prudencio Varela,8,M,3,C,True,78.1,2.2,9.3,31,1,4,4,5,4,False,True,2.51,2,21,18,False,Normal,False,False,False,4,True
217,167829,Mariana Rojas,6,F,1,A,True,82.04,7.0,3.5,32,1,5,2,5,4,True,True,4.29,3,1,20,False,Normal,False,False,False,1,True
218,39114,Segismundo Rivas,9,M,4,C,True,80.76,4.7,3.6,35,5,1,1,4,5,True,True,12.69,4,60,8,False,Normal,False,False,False,1,True
219,874988,Tatiana Ibáñez,9,F,4,C,True,96.94,2.1,5.4,25,1,4,1,5,1,True,True,14.81,4,22,8,False,Normal,False,False,False,1,True
220,66812589,Viviana Cervantes,6,F,1,B,True,71.35,3.2,1.3,30,4,2,4,5,5,False,True,11.01,4,20,18,False,Normal,False,False,False,4,False
221,0373,Rosa Alarcón,6,F,1,A,True,88.04,4.5,3.1,29,5,3,3,4,4,False,False,14.94,5,21,14,True,Normal,True,False,False,1,False
222,34781,Alan Vera,11,M,6,C,True,72.1,7.6,4.4,26,1,5,4,2,3,True,True,10.26,5,52,5,False,Normal,False,False,False,4,False
223,61770724,Ladislao Fuentes,7,M,2,A,True,84.85,9.5,4.1,32,3,2,2,2,5,True,True,10.52,3,30,7,False,Normal,False,False,False,5,False
224,57667,Emiliano Vargas,6,M,1,C,True,73.83,2.8,3.6,34,2,3,4,2,1,True,True,4.55,4,76,7,False,Normal,False,False,False,3,True
225,50138,Renato Cifuentes,8,M,3,B,True,97.14,4.0,2.5,29,5,3,5,1,3,True,True,1.64,3,46,26,False,Normal,False,False,False,3,True
226,582444306,Anahí Caballero,8,F,3,A,False,78.89,8.7,7.2,35,1,3,2,4,1,True,False,1.29,1,24,22,False,Normal,False,True,False,3,False
227,182095,Renata Paredes,8,F,3,B,True,86.19,8.0,1.7,26,5,4,1,3,3,False,True,2.98,1,13,16,True,Normal,False,True,False,4,False
228,350140,Cecilia Aguirre,8,F,3,B,True,70.1,2.3,5.8,26,1,3,5,3,3,True,False,6.26,3,68,29,False,Dislexia,False,False,False,3,False
229,8309467,Alfredo Vega,8,M,3,B,True,71.26,6.0,3.7,30,4,4,5,5,4,True,True,1.22,3,24,20,False,Normal,False,False,False,2,False
230,6173,Celeste Silva,6,F,1,A,True,86.78,9.3,9.0,24,4,1,5,5,1,True,True,1.76,1,62,12,False,Normal,False,False,False,1,False
231,18167,Zulema Villalba,11,F,6,A,True,89.07,4.1,1.8,28,1,4,1,2,4,True,True,13.33,3,80,7,True,Normal,False,False,False,5,False
232,711730405,Marcia Acosta,11,F,6,B,True,73.44,6.2,3.2,30,3,3,2,4,2,True,False,6.55,3,19,14,False,TEA,False,False,False,3,False
233,2489253652,Edgar Cordero,11,M,6,B,True,70.91,7.9,7.8,26,4,3,2,1,5,True,True,13.33,1,15,5,False,Normal,False,False,True,1,False
234,0336,Silvestre Galván,11,M,6,B,True,77.29,9.5,6.4,21,5,5,4,4,1,False,False,10.3,5,59,26,False,Normal,False,False,False,4,False
235,9838158251,Próspero Galindo,7,M,2,B,False,98.45,1.3,7.8,22,1,4,2,4,2,False,True,1.87,3,4,4,False,TDAH,False,False,False,5,False
236,3387250,Daniela Aguirre,9,F,4,A,True,82.36,9.2,9.1,31,1,3,2,2,5,True,True,2.21,5,44,8,False,Normal,False,False,False,5,False
237,1891928430,Manuel Orozco,8,M,3,B,True,71.84,9.8,7.0,30,2,3,1,2,5,True,True,6.73,1,55,1,False,Normal,False,False,False,3,False
238,7525471214,Diego Valenzuela,11,M,6,A,True,77.7,1.5,9.7,30,2,4,5,1,1,True,True,13.43,1,41,17,False,Normal,False,False,False,3,False
239,5417628,Oseas Miranda,7,M,2,A,True,70.89,4.1,7.3,33,2,2,4,2,2,False,True,9.14,4,25,8,False,TDAH,False,False,False,1,True
240,71037,Raisa Escalante,8,F,3,C,True,99.88,5.6,7.3,23,1,4,3,1,1,False,True,4.93,2,14,21,True,Normal,False,False,False,4,False
241,98763,Gustavo Rangel,11,M,6,A,True,70.73,5.6,8.7,23,2,3,2,5,4,True,True,12.35,5,31,11,False,TDAH,False,False,False,1,False
242,1113177,Paula Suárez,6,F,1,A,True,75.78,9.1,6.8,24,1,4,4,5,5,False,True,8.68,1,41,3,False,Normal,False,False,False,2,False
243,73651137,Iluminada Oliva,10,F,5,C,True,83.78,5.1,4.2,20,4,3,1,3,3,True,False,5.5,2,42,22,False,Normal,False,False,False,2,False
244,819660393,Nicodemo Alcaraz,7,M,2,B,True,71.7,9.1,1.7,23,5,3,5,5,2,False,True,3.05,4,16,5,False,Normal,False,False,False,3,False
245,68716,Horacio Cervantes,6,M,1,A,True,94.95,2.3,7.2,23,2,3,1,5,5,False,True,1.99,3,36,18,True,Normal,True,False,False,2,True
246,965316529,Xiomara Sanhueza,7,F,2,B,True,96.16,4.6,5.6,33,4,4,2,4,1,True,True,4.48,5,56,1,False,Normal,False,False,False,1,False
247,681444,Víctor Manuel Rivas,8,M,3,B,True,70.65,8.3,8.1,35,1,2,3,3,4,True,True,2.09,5,39,14,False,TDAH,False,False,False,5,False
248,2109084477,Mía Romero,10,F,5,B,True,80.88,7.2,5.4,22,1,1,3,3,4,True,True,3.57,5,73,14,False,TEA,False,False,False,3,False
249,262018139,Vilma Salas,10,F,5,C,True,70.4,7.8,4.5,23,1,1,2,2,5,True,True,14.55,2,44,15,True,Normal,False,False,False,1,False
250,6375597,Benjamín Cruz,11,M,6,A,True,98.69,3.5,1.1,24,5,5,4,2,3,False,True,7.79,2,60,21,False,Normal,False,False,False,5,True
251,945874,Teresita Cornejo,8,F,3,C,True,77.56,3.9,9.1,23,5,3,5,5,2,True,True,4.16,1,10,25,False,Normal,False,False,False,1,False
252,38564,Rosalba Venegas,7,F,2,C,True,74.13,3.0,8.3,30,5,5,4,4,1,True,True,0.55,3,72,25,False,TDAH,False,False,False,5,False
253,7308584,Lilia Cuevas,11,F,6,B,False,93.59,4.8,1.6,26,1,4,1,5,5,False,False,12.34,2,58,7,False,Normal,True,False,False,5,False
254,590427765,Abigail Albornoz,11,F,6,B,True,72.69,5.2,5.3,20,4,1,5,3,4,False,True,4.11,4,18,21,False,Normal,False,False,False,5,False
255,25701238,Catalina Molina,9,F,4,C,False,99.69,5.0,4.8,35,3,2,5,5,2,True,True,4.62,1,29,28,False,TDAH,False,True,False,5,False
256,1616337556,Toribio Miranda,11,M,6,C,True,76.95,5.5,7.4,33,5,3,4,3,2,False,True,5.77,3,17,7,False,Normal,False,False,False,4,False
257,88549,Esteban Mora,8,M,3,B,True,73.09,4.6,7.3,29,4,4,3,3,5,False,True,10.64,1,76,1,False,Normal,False,True,False,2,False
258,085749402,Jovito Espinal,11,M,6,C,True,72.84,3.3,8.4,26,1,3,5,1,4,False,False,13.02,1,50,26,True,Normal,False,False,False,2,False
259,5392349,Noah Riquelme,6,M,1,B,True,74.09,1.2,1.3,25,5,2,3,3,3,True,True,7.55,3,53,14,True,TDAH,False,False,False,3,False
260,64937,Candelaria Mansilla,9,F,4,B,False,72.84,10.0,7.4,29,3,2,2,4,2,True,True,14.13,2,8,30,False,Normal,False,False,False,4,False
261,0484590527,Lucas Fernández,11,M,6,C,False,97.16,7.2,9.7,26,4,4,4,2,1,True,True,5.38,4,3,21,False,Normal,False,False,False,5,False
262,3996712,Flavio Ochoa,6,M,1,C,True,82.18,3.9,8.4,35,3,1,2,3,2,True,True,3.77,2,23,1,False,Normal,False,False,False,3,False
263,4035,Kevin Cáceres,6,M,1,A,True,98.09,4.3,5.9,29,3,2,1,2,4,True,True,12.37,3,58,20,True,Normal,True,False,False,2,False
264,47680469,Magdalena Galván,7,F,2,C,False,77.16,4.9,4.0,22,3,5,5,1,3,True,True,4.05,2,38,24,False,Normal,False,False,False,2,False
265,59549,Fabián Zúñiga,11,M,6,A,False,79.31,5.8,6.1,34,2,5,1,4,4,True,True,7.82,1,12,19,False,Normal,True,False,False,4,False
266,162710,Laureano Aguilera,9,M,4,B,True,86.6,1.1,9.8,26,5,3,5,5,4,True,True,9.18,3,65,11,False,Normal,False,False,False,2,False
267,8133013747,Isidro Páramo,11,M,6,A,True,96.52,7.4,2.5,28,5,1,1,4,2,True,True,6.13,1,10,4,False,Normal,False,False,False,4,True
268,6655,Urbano Cortés,8,M,3,B,True,71.51,7.0,6.5,30,5,3,4,2,4,False,False,9.8,5,31,26,False,Normal,False,False,False,3,True
269,656293213,Angélica Bustos,6,F,1,B,True,81.27,5.7,5.0,23,2,3,2,4,4,True,True,12.04,2,55,20,False,TDAH,False,False,False,4,False
270,631300225,Belén Meza,7,F,2,A,True,87.51,9.5,9.4,34,5,5,5,1,5,False,False,2.75,5,71,22,False,Normal,False,False,False,4,False
271,8114,Leonor Aguayo,10,F,5,B,True,98.71,9.3,6.4,26,2,2,5,5,1,False,True,4.21,5,21,12,True,Normal,False,False,False,5,False
272,470100,Hilda Montenegro,6,F,1,A,True,93.54,1.8,8.2,23,2,5,2,2,5,False,True,7.18,3,14,5,False,Normal,False,False,False,4,False
273,5581,Juliana Toledo,10,F,5,C,True,95.48,7.8,1.0,23,2,3,5,5,4,False,True,11.21,5,47,23,False,Normal,False,False,False,1,False
274,30214,Pablo Castillo,9,M,4,B,True,75.87,1.8,8.1,34,2,4,1,2,2,True,False,15.0,2,58,16,False,Normal,False,False,False,2,False
275,4066,Gregorio Lerma,6,M,1,B,False,82.05,8.8,4.0,27,4,1,3,1,3,False,True,2.67,3,47,17,False,Normal,False,True,False,2,False
276,677434,Juan Carlos Lozada,7,M,2,A,True,93.54,1.2,5.8,29,2,2,2,5,2,True,True,13.97,1,45,27,False,TDAH,False,False,False,3,True
277,4522,Héctor Maldonado,11,M,6,C,True,73.54,6.1,2.5,27,5,5,3,5,4,False,True,8.21,2,60,5,True,Normal,False,False,False,2,True
278,8178022568,Amanda Arce,11,F,6,C,True,97.75,9.7,1.1,29,2,2,1,4,1,False,True,5.2,5,34,2,False,Normal,False,False,False,3,False
279,556430411,Yajaira Camacho,11,F,6,B,True,84.62,5.1,2.1,21,4,2,5,4,2,True,True,7.3,2,56,3,False,Normal,True,False,False,5,True
280,8650,Israel Navarro,8,M,3,A,True,86.43,5.4,2.2,28,2,5,1,3,2,True,True,14.34,1,59,10,True,Normal,False,False,False,1,False
281,110888506,Alison Luna,7,F,2,C,True,74.41,5.8,9.2,33,3,1,5,5,3,False,True,12.86,4,70,28,False,Normal,True,False,False,4,False
282,568643357,Rodrigo Sanhueza,9,M,4,A,True,85.98,6.5,6.0,35,2,1,5,4,5,False,True,11.33,1,10,9,False,Normal,False,False,False,3,False
283,6759159,Néstor Carvajal,6,M,1,C,True,78.3,8.2,3.2,29,2,5,4,2,2,True,True,7.54,5,44,1,False,Normal,False,False,False,1,False
284,65455599,Guido Sosa,7,M,2,B,True,94.02,6.0,9.2,29,2,5,4,4,4,True,True,10.09,2,46,9,False,Normal,False,True,False,5,False
285,978535383,Axel Ponce,8,M,3,A,True,78.91,8.7,4.4,29,5,5,5,5,1,True,True,4.91,5,41,9,True,Normal,False,False,False,2,False
286,611555,Nancy Zúñiga,11,F,6,B,True,70.01,3.1,7.8,23,5,5,4,2,3,True,True,14.89,2,57,12,False,Normal,False,False,False,5,False
287,607015,Federico Mansilla,6,M,1,B,False,98.4,2.3,6.8,34,5,3,3,3,1,False,True,10.26,1,23,16,False,Normal,True,False,False,5,False
288,70559,Eliana Garay,7,F,2,B,True,79.36,8.1,9.5,31,3,1,5,1,3,True,False,2.19,2,20,30,False,Normal,False,False,False,5,False
289,8474080592,Carmen Peralta,10,F,5,B,True,99.63,5.3,3.7,32,2,1,2,1,5,True,True,13.7,1,39,18,False,Normal,False,False,False,3,False
290,062641282,Dalila Ríos,6,F,1,B,True,88.91,3.0,4.9,24,5,1,3,5,5,True,True,11.71,5,57,29,False,TEA,False,False,False,5,False
291,6793,Giselle Ponce,6,F,1,C,True,93.47,8.6,6.6,26,3,2,5,1,2,True,True,11.2,2,58,10,True,Normal,False,True,False,2,False
292,3691720,Sofronio Cárdenas,7,M,2,A,True,94.93,8.5,2.7,20,1,2,3,3,1,True,True,7.8,1,25,9,False,Dislexia,True,True,False,1,False
293,69577,Ciro Barrios,9,M,4,B,True,84.78,9.7,4.5,27,4,4,2,1,5,False,False,6.63,2,29,27,False,Normal,False,False,False,4,True
294,0487201,Aldo Vera,7,M,2,C,True,74.33,6.2,5.1,26,5,3,1,2,2,True,True,5.49,2,80,18,False,Normal,False,False,False,2,False
295,8836860810,Ramiro Bustamante,11,M,6,A,True,96.74,3.2,7.4,28,1,2,4,4,5,False,True,0.9,2,9,1,False,Normal,False,False,True,2,False
296,809985,Pío Quintana,6,M,1,C,True,73.25,9.8,8.1,28,4,3,4,5,1,True,True,3.03,4,80,29,False,Normal,True,False,False,4,False
297,4853,Cristian Domínguez,9,M,4,A,True,70.86,5.7,6.4,26,3,3,2,1,5,True,True,7.63,4,34,10,False,Normal,False,False,False,2,False
298,8029237639,Ana Paula Gómez,6,F,1,C,True,86.47,6.7,3.8,31,4,2,4,3,3,True,True,11.82,4,73,5,False,Normal,False,False,True,4,False
299,7959621437,Josafat Quiróz,8,M,3,C,True,72.73,1.7,1.8,25,5,2,1,4,1,True,True,6.22,3,58,10,False,Normal,False,True,False,4,False
300,759272129,Griselda Montesinos,7,F,2,B,True,84.21,9.5,6.9,24,2,2,3,3,2,True,True,7.73,2,3,4,True,Normal,False,False,False,2,True
301,5581378,Simón Carrizo,7,M,2,B,True,88.48,7.7,5.9,25,5,3,2,5,5,True,True,9.13,2,46,28,False,Normal,False,True,False,4,False
302,6686213,Yanina Ibarra,6,F,1,A,True,86.86,6.1,1.6,30,5,2,4,5,5,True,True,13.87,1,17,28,False,Normal,False,True,False,4,False
303,43174083,Romina Tejada,8,F,3,B,True,94.5,2.1,5.8,23,1,1,1,5,1,True,True,0.84,3,6,17,False,Normal,False,True,False,3,False
304,0745111833,Ivonne Ferreyra,10,F,5,A,True,80.18,8.7,2.1,29,4,4,4,2,5,True,True,5.0,5,52,10,False,Normal,False,False,False,3,False
305,546472871,Venancio Lerma,11,M,6,C,True,73.22,3.5,4.0,33,4,3,5,2,4,True,True,0.41,2,15,2,False,TDAH,False,False,False,3,False
306,6326598601,Tomás Figueroa,9,M,4,C,True,84.63,4.5,5.6,25,5,1,1,5,1,True,True,0.78,5,9,9,False,Dislexia,False,False,False,5,False
307,2999427,Epifanio Rojas,6,M,1,B,False,98.99,2.4,4.5,35,4,3,4,5,4,False,False,11.27,5,65,24,True,Normal,False,False,False,1,True
308,69791,Melanio Zapata,9,M,4,C,True,95.58,1.2,2.8,26,2,2,1,3,3,False,True,12.55,3,41,23,False,Normal,False,False,False,1,False
309,6047481875,Mariana Giménez,11,F,6,C,True,75.62,5.7,3.9,25,4,2,5,1,5,True,True,2.38,5,10,9,True,Normal,False,False,False,1,True
310,11767164,Yamila Navarro,8,F,3,A,True,83.3,7.6,6.6,32,2,4,3,1,2,True,True,3.79,2,49,27,True,Normal,False,False,False,2,False
311,62446,Sergio Dávila,8,M,3,C,True,86.81,6.6,3.7,20,3,3,4,2,4,False,True,14.39,3,25,18,False,Normal,False,True,False,3,True
312,5813,Ignacio Varela,8,M,3,A,True,97.31,4.6,6.6,34,3,4,2,1,5,False,True,6.47,3,40,23,True,TDAH,False,False,False,2,True
313,5985326273,Gabriela Riquelme,7,F,2,B,True,95.73,2.1,2.1,31,3,2,1,2,3,True,True,12.95,1,18,23,True,Normal,False,False,False,1,True
314,6184348,Óliver Rocha,10,M,5,A,True,99.34,2.0,5.1,21,5,2,5,5,1,True,True,3.88,2,28,13,False,Normal,True,False,False,3,False
315,987096688,Narciso Pizarro,9,M,4,A,True,82.98,8.5,7.0,34,1,1,2,1,4,True,True,2.68,2,13,25,False,Normal,False,False,False,5,True
316,2132609289,Rosario Esparza,10,F,5,C,True,97.19,1.7,4.9,35,2,2,2,4,5,False,True,4.06,3,31,2,True,Normal,False,False,False,4,False
317,24272617,Robustiano Lozano,8,M,3,C,True,75.99,7.7,2.0,31,2,4,2,5,1,False,True,13.78,2,58,28,True,Normal,False,False,False,4,False
318,3558,Josefina Peralta,10,F,5,B,True,79.96,6.4,9.0,21,4,2,5,3,4,True,True,10.84,5,1,20,False,TEA,False,False,False,3,False
319,93180314,Tristán Orellana,10,M,5,B,True,97.08,5.3,6.8,22,2,2,2,3,3,False,False,7.19,1,57,1,False,Normal,False,False,False,5,True
320,56076965,Sergio Luna,11,M,6,C,True,75.19,8.5,4.9,24,2,3,2,4,5,True,True,2.79,5,27,25,False,Dislexia,False,False,False,1,False
321,034337,Carla Santillán,10,F,5,A,False,91.42,7.3,6.2,35,3,2,3,1,2,True,True,7.06,3,11,23,False,Normal,False,False,False,1,True
322,599263502,Odín Valverde,8,M,3,B,True,76.47,7.8,3.5,24,1,3,1,3,3,True,True,12.85,2,38,17,True,TEA,False,False,False,5,False
323,3148024,María José Pérez,9,F,4,A,True,74.0,3.5,9.4,23,4,5,4,4,1,True,True,12.41,4,52,26,False,Normal,False,False,False,4,True
324,5740922,Ursulina Montañez,6,F,1,B,True,82.15,6.2,8.1,30,3,2,2,1,5,True,True,10.22,3,45,28,True,Normal,False,False,False,3,False
325,0317340402,Yago Bustillo,9,M,4,B,True,79.07,7.5,5.2,21,2,4,2,2,5,False,True,11.71,2,42,30,False,Normal,False,False,False,3,False
326,554942837,Bárbara Mendoza,9,F,4,A,True,85.3,2.1,4.4,30,5,3,2,5,5,False,True,14.05,4,12,30,False,Normal,False,False,False,3,False
327,7691321652,Alicia Ibáñez,11,F,6,A,True,87.71,9.7,7.6,28,1,3,2,3,5,False,True,14.48,1,9,20,False,Normal,False,False,False,1,False
328,4072329,Luciano Echeverría,6,M,1,C,True,75.28,4.8,3.2,27,4,5,2,4,5,True,True,3.15,5,24,15,False,Normal,False,True,False,4,False
329,15478595,Jorge Salazar,8,M,3,C,True,80.75,8.5,4.4,27,3,2,2,3,4,True,False,3.42,2,32,9,False,Normal,False,False,False,4,True
330,606718619,Celestino Arango,9,M,4,C,True,72.42,9.3,7.2,24,4,5,2,4,4,False,True,1.32,2,24,7,False,Normal,True,False,False,4,False
331,2025812650,Ezequiel Arce,8,M,3,C,True,94.01,9.2,5.4,26,2,5,2,4,4,False,True,4.47,5,13,27,False,Normal,False,True,False,5,True
332,3480601558,Gumercindo Tapia,6,M,1,C,True,97.55,5.6,8.7,31,4,3,3,4,5,False,True,14.89,4,64,8,False,Normal,False,False,False,4,False
333,471014891,Tomás González,7,M,2,B,True,96.29,3.4,4.9,23,1,4,2,2,4,True,True,5.47,4,69,10,True,Normal,True,True,False,5,False
334,8501814,Luciana Bravo,9,F,4,B,True,82.13,2.6,2.8,26,5,1,3,3,5,False,True,6.39,2,14,8,False,Normal,False,True,False,4,True
335,109184,Nereida Gallegos,7,F,2,B,True,91.13,2.9,7.4,31,5,4,3,3,4,False,True,2.38,4,10,11,False,Normal,True,False,False,4,True
336,24899925,Blanca Ledesma,10,F,5,A,True,91.64,7.1,5.1,32,4,4,3,2,4,True,True,6.17,2,42,10,False,Normal,True,True,False,4,False
337,392284883,Macario Bustillo,9,M,4,C,True,70.09,6.5,7.4,26,4,2,4,5,2,False,True,13.78,1,3,20,False,Normal,False,False,False,1,False
338,87806906,Graciela Villar,7,F,2,B,True,96.98,6.3,8.3,33,5,4,4,2,3,True,False,6.56,1,28,28,False,Normal,False,True,False,5,False
339,3636751,Pacífico Llanos,9,M,4,A,True,77.07,3.8,4.5,30,3,5,1,1,4,False,True,14.43,1,46,2,True,Normal,False,False,False,2,False
340,979380,Franco Nieves,11,M,6,C,True,98.12,4.2,8.8,30,5,3,2,4,1,True,True,6.35,4,4,26,False,Normal,False,False,False,2,False
341,5573812,Otilia Arredondo,8,F,3,A,True,82.22,8.0,4.9,30,4,3,4,2,1,False,True,8.6,2,74,22,True,Normal,False,False,False,2,False
342,1168910400,Fidelina Miranda,11,F,6,A,True,89.99,5.1,3.1,22,3,3,4,2,3,False,False,10.12,5,38,24,True,Normal,False,False,False,2,False
343,7943804560,Nicolás Romero,7,M,2,B,True,97.48,6.7,3.9,28,1,3,3,4,1,False,True,5.44,4,39,10,True,Normal,True,False,False,4,False
344,7192,Raimundo Paredes,9,M,4,B,False,81.87,8.1,2.7,21,1,3,1,3,3,True,True,3.13,4,54,17,False,Normal,False,False,False,2,True
345,17167517,Virginia Garay,7,F,2,C,True,81.2,9.6,7.8,25,4,3,2,4,1,True,False,4.02,3,76,18,False,Dislexia,False,False,True,1,False
346,77433,Iliana Sepúlveda,9,F,4,C,True,91.61,5.0,3.5,35,3,1,5,1,2,True,True,0.66,3,22,8,False,Normal,True,False,False,3,False
347,1953953,Débora Campos,7,F,2,A,True,78.96,4.3,4.2,30,5,2,5,1,2,True,True,9.7,3,78,5,False,Normal,False,False,True,3,True
348,736820,Gerardo Lara,10,M,5,B,True,75.64,9.5,1.3,26,2,2,3,2,1,False,False,4.1,2,63,19,False,Normal,False,True,False,5,False
349,9235506383,Patricio Montero,11,M,6,B,True,82.09,5.6,2.2,28,2,5,5,1,4,True,True,3.98,3,11,5,True,Normal,False,False,False,3,False
350,21683,Cristina Páez,8,F,3,B,True,86.57,1.9,5.6,21,5,3,5,5,3,True,True,11.19,1,65,28,False,Normal,False,False,False,2,False
351,0685,Joaquín Ibáñez,8,M,3,A,True,75.72,9.1,9.3,34,4,2,4,1,3,True,True,2.52,5,65,26,False,Normal,False,False,False,1,False
352,41658,Oralia Córdoba,8,F,3,C,True,94.51,6.4,9.1,34,3,5,2,5,1,False,True,1.28,2,57,8,False,Normal,False,False,False,2,False
353,4068230668,Camila Martínez,6,F,1,A,True,77.36,6.4,1.2,35,4,5,3,2,2,False,True,9.87,4,71,16,False,Normal,True,False,False,1,False
354,5714704584,Betsabé Quintero,7,F,2,A,True,90.85,9.2,8.3,28,5,2,4,2,3,False,True,14.36,4,69,16,True,Normal,False,True,False,4,False
355,21821,Agustín Pizarro,11,M,6,C,True,84.22,3.9,7.4,29,1,3,1,4,1,True,True,7.49,2,47,21,False,Normal,False,False,False,4,False
356,9318577,Vicente Valdivia,11,M,6,B,True,70.93,8.0,3.4,23,2,2,3,5,5,True,False,14.31,3,37,23,False,Normal,False,False,False,1,False
357,15896478,Benito Pizarro,10,M,5,A,True,79.98,3.7,5.3,27,1,2,2,1,4,True,True,7.03,1,65,23,False,TEA,False,False,False,5,False
358,30129501,Ubaldina Barros,10,F,5,A,True,71.86,6.5,10.0,27,4,3,2,4,5,True,True,9.63,1,30,22,False,Normal,True,False,False,4,False
359,188811,Joao Villanueva,9,M,4,C,True,77.56,7.5,6.7,28,2,1,5,2,2,False,False,10.54,2,55,26,False,Normal,True,False,False,3,False
360,39959,Leonel Quintero,8,M,3,C,False,96.24,9.5,9.6,25,4,4,5,4,3,True,True,6.02,5,9,26,False,Normal,False,False,False,3,False
361,894267,Jimena Cruz,7,F,2,B,True,80.61,1.6,3.3,34,3,1,1,5,2,True,True,8.72,3,17,21,False,Normal,False,False,False,1,False
362,986091071,Damaris Valdivia,10,F,5,C,True,93.37,3.2,9.3,22,5,2,1,3,3,False,True,4.49,4,69,30,True,Normal,False,False,False,4,False
363,3945100,Josefa Cáceres,10,F,5,A,True,97.72,4.0,2.4,27,2,5,3,4,2,True,True,4.64,4,44,28,True,Normal,False,False,False,1,False
364,202439,Tiffany Rangel,11,F,6,A,True,98.35,3.7,2.6,33,5,2,5,2,1,True,True,13.57,4,60,13,False,TDAH,False,False,False,1,True
365,983182,Dana Palacios,6,F,1,A,True,98.92,9.3,9.2,27,1,4,1,2,3,True,True,9.68,5,39,30,True,Normal,False,True,False,1,True
366,5121474315,Julissa Bustos,7,F,2,B,True,93.85,1.1,7.9,25,3,3,2,4,4,False,True,1.28,3,73,28,False,Normal,False,False,False,2,False
367,1217,Paulina Barrios,8,F,3,C,False,71.26,8.2,1.1,28,2,4,4,4,5,False,True,9.01,1,75,25,False,Normal,False,False,False,2,True
368,6145,Abril Vera,8,F,3,C,True,91.09,7.0,2.6,32,5,1,3,5,3,True,True,7.47,3,41,6,False,Normal,False,False,False,5,False
369,5770769,Jano Ledesma,10,M,5,C,True,92.7,7.8,8.4,33,2,3,5,3,4,False,True,10.53,3,5,2,True,Normal,False,False,False,2,True
370,5446907735,Zoe Nieva,11,F,6,A,True,93.6,3.3,2.4,30,1,1,4,5,3,True,True,10.91,2,12,21,True,Normal,True,False,False,2,False
371,8616608,Miranda Godoy,10,F,5,C,True,72.59,2.2,7.4,20,4,2,2,5,3,False,False,9.51,3,5,15,False,Normal,False,False,False,3,False
372,248307,Camila Vera,8,F,3,A,True,83.82,3.0,4.6,24,1,5,5,1,1,True,True,11.14,4,45,28,True,Normal,False,False,False,3,False
373,77574,Luciano Albornoz,6,M,1,B,True,91.18,6.1,3.4,30,1,4,3,5,1,True,True,14.54,1,47,10,False,Normal,False,False,False,1,False
374,27568337,Tatiana Bustamante,11,F,6,A,True,91.32,3.3,8.9,30,3,3,5,1,4,True,True,4.92,1,4,4,True,Dislexia,False,False,False,1,False
375,96217635,Filemón Gallegos,7,M,2,B,True,88.52,3.6,7.7,28,1,2,5,3,3,False,True,13.7,4,26,19,False,Normal,False,False,False,4,False
376,443621,Natalia Romero,10,F,5,C,True,87.85,2.7,9.5,27,1,3,3,1,5,True,True,5.22,3,6,22,False,Normal,False,False,False,1,False
377,284696,Teodoro Ferrer,7,M,2,A,True,73.28,7.6,4.1,26,1,3,4,3,2,False,True,3.8,5,70,21,False,Normal,False,False,False,1,True
378,733902,Claribel Del Valle,6,F,1,C,False,71.57,5.3,4.8,22,2,5,4,2,5,True,True,11.26,4,59,15,False,Dislexia,False,False,False,4,False
379,58760,Rodrigo Zárate,9,M,4,C,True,93.43,3.5,8.8,32,5,4,2,2,4,False,False,9.81,4,14,4,False,Normal,False,False,True,3,True
380,8977869728,Elías Rivas,6,M,1,C,True,71.93,8.1,5.9,31,4,1,5,1,1,False,True,14.04,4,47,20,False,Normal,False,False,False,3,False
381,612373,Valentín Méndez,10,M,5,A,True,78.92,9.8,8.7,27,2,3,5,3,1,True,True,13.41,5,60,8,False,Normal,False,False,False,3,True
382,835424985,Aurora Cáceres,9,F,4,A,False,74.14,8.8,2.2,20,1,4,4,5,1,True,True,11.28,2,0,9,False,Normal,False,False,False,1,False
383,9234,Magalí Segovia,6,F,1,A,True,74.44,3.2,3.5,21,2,3,3,5,5,True,True,7.14,3,8,6,True,Normal,False,True,False,1,False
384,03772,Jazmín Cortés,6,F,1,C,True,85.56,6.1,5.9,21,4,1,2,5,4,False,False,6.16,3,38,20,False,TEA,False,False,False,5,False
385,26423,Héctor Alarcón,11,M,6,A,True,96.82,3.1,3.8,30,5,1,3,1,5,False,False,3.28,1,48,19,False,Normal,False,False,False,2,False
386,1987560950,Adriana Rojas,10,F,5,A,True,91.0,2.4,9.1,24,5,3,3,4,4,True,True,5.91,4,15,12,False,Normal,False,False,False,5,False
387,884744555,Raquel Rivas,6,F,1,B,True,96.86,5.1,5.0,24,4,1,5,2,3,True,True,0.48,4,66,13,False,Dislexia,False,False,False,4,False
388,7579011,Uriel Pizarro,10,M,5,A,True,84.64,8.5,8.0,32,5,4,1,3,1,True,True,9.76,2,7,1,False,Normal,False,False,False,3,True
389,7110316716,Cindy Flores,10,F,5,B,False,80.59,3.8,3.5,25,2,4,5,4,3,True,True,1.86,4,45,29,False,TDAH,False,False,False,4,True
390,928774,Adriana Carrizo,6,F,1,C,True,96.0,6.6,4.7,27,5,2,3,2,5,True,True,9.2,3,30,30,False,Normal,False,False,False,2,False
391,049561589,Felipe Montes,11,M,6,C,False,74.51,1.5,4.7,31,5,2,1,5,3,True,True,12.04,2,13,10,False,Normal,False,False,True,3,False
392,8705566,Álvaro Peña,8,M,3,C,False,72.7,4.3,1.9,35,4,4,1,4,5,True,True,2.91,4,10,3,False,Normal,False,False,False,2,False
393,90469,Irma Sosa,11,F,6,C,True,74.85,6.8,5.4,33,5,5,2,4,2,False,True,9.09,2,74,17,True,Dislexia,False,False,False,2,False
394,9696399,Ricardo Palma,8,M,3,A,True,70.23,4.5,2.2,22,3,4,1,3,4,True,True,11.97,3,42,19,True,Normal,False,False,False,4,False
395,84622200,Patricia Bravo,6,F,1,B,True,98.35,5.8,5.8,27,5,4,1,4,1,True,False,14.07,2,77,23,False,TEA,False,False,False,2,False
396,169989,Samuel Palacios,8,M,3,C,True,87.39,2.5,7.8,24,5,5,5,3,1,True,True,13.2,1,22,1,False,Normal,False,False,False,1,False
397,19266494,Valeria Figueroa,11,F,6,B,True,98.78,6.9,5.1,35,2,1,4,1,2,True,True,13.3,3,46,28,True,Normal,False,False,False,2,False
398,9624852,Mercedes Rojas,7,F,2,A,True,73.6,9.2,7.6,35,3,1,2,4,3,True,True,12.15,2,64,20,False,Normal,False,False,False,1,False
399,59363,Alonso Ríos,8,M,3,B,True,83.47,7.8,8.0,29,4,4,1,5,5,True,True,10.55,5,51,3,True,Normal,False,False,False,5,False
400,229814566,Boris Valdez,7,M,2,A,True,86.59,4.4,1.9,34,3,1,2,1,3,True,False,6.43,4,52,25,False,Normal,False,False,True,2,True
401,788273403,Gael Herrera,8,M,3,A,False,92.8,1.9,7.1,28,5,2,3,1,3,True,True,4.35,2,48,11,False,TDAH,False,False,False,1,False
402,2664387,Aylén Rivas,10,F,5,A,True,81.4,5.9,3.4,33,1,2,2,4,1,False,True,7.19,5,62,20,False,Normal,True,False,False,4,True
403,218105591,Lilian Carrasco,9,F,4,A,False,95.11,1.3,6.8,32,3,4,4,2,2,True,True,6.96,5,62,7,False,TDAH,False,False,False,5,False
404,59758233,Roberto Narváez,7,M,2,B,True,93.63,7.7,8.7,22,3,1,5,4,4,True,True,14.39,3,1,20,False,Normal,False,False,False,4,False
405,1032727,Jacinto Barrientos,10,M,5,B,True,72.92,1.7,8.9,25,4,5,2,2,3,True,True,1.4,5,34,30,True,Normal,False,True,False,5,False
406,74875807,Georgina Núñez,6,F,1,C,True,78.63,9.1,3.5,25,1,1,3,5,5,True,True,3.86,2,11,30,False,TDAH,True,False,False,5,False
407,117690,Josué Montoya,7,M,2,C,True,90.91,5.5,9.7,35,4,2,5,4,1,True,False,8.08,5,55,11,True,Normal,False,False,False,4,False
408,57662035,Petra Arellano,8,F,3,B,True,74.23,6.7,4.4,28,3,3,1,3,2,True,True,2.04,2,33,14,False,TEA,False,False,False,5,False
409,5089771,Federico Andrade,6,M,1,B,True,72.63,8.4,1.7,22,5,4,4,4,3,True,True,10.75,2,18,16,False,Normal,True,False,False,1,False
410,87223536,César Guzmán,6,M,1,C,True,84.9,7.6,9.7,30,4,2,5,1,1,False,True,6.72,2,26,23,False,Normal,False,False,False,2,False
411,7570136,Sabino Riquelme,9,M,4,B,True,78.23,10.0,4.7,25,4,3,4,5,3,False,True,6.91,2,35,16,True,Normal,True,False,False,4,False
412,84802279,Norma Rocha,10,F,5,B,True,80.37,2.5,2.1,30,2,2,2,4,3,True,True,11.89,2,1,28,False,Normal,True,False,False,3,False
413,79954,Dora Vera,11,F,6,C,True,82.44,5.8,3.3,34,1,5,4,1,1,False,True,10.97,5,54,21,False,TDAH,False,False,False,2,True
414,7148352875,Estefanía Ibáñez,9,F,4,A,True,80.42,8.2,7.1,31,2,2,5,5,5,True,True,13.2,4,63,23,False,Normal,False,False,False,4,False
415,5104,Camilo Valdés,9,M,4,A,True,87.96,3.8,4.3,26,2,4,5,2,2,False,True,13.28,4,78,25,False,Normal,False,True,False,5,False
416,896249,Esteban Silva,7,M,2,B,True,80.67,7.2,6.0,26,4,3,1,5,1,True,True,12.0,3,76,24,True,Normal,False,False,False,5,False
417,84054525,Generosa Pacheco,8,F,3,B,True,88.86,3.2,6.9,26,4,5,1,2,3,False,True,12.7,2,1,14,False,Normal,False,False,False,1,False
418,9291,Florencia Esquivel,9,F,4,B,True,83.71,4.8,6.9,35,1,4,3,1,2,False,True,10.41,3,10,2,False,Dislexia,False,False,False,4,True
419,35856005,Kevin Ordoñez,9,M,4,B,True,72.35,6.4,7.2,33,4,2,2,2,3,True,True,10.0,4,18,1,False,TDAH,False,False,False,4,False
420,961656700,Alfonso Campos,7,M,2,C,True,70.77,6.7,6.4,27,3,2,5,2,5,True,True,10.1,2,40,15,True,Normal,False,True,False,2,False
421,3080755495,Luz Dary Pizarro,6,F,1,A,True,95.01,5.3,4.7,31,4,1,4,4,4,True,True,12.41,4,72,1,False,Normal,False,False,False,1,False
422,56745,Valeria Suárez,9,F,4,A,True,97.25,6.4,4.9,29,3,5,5,1,3,False,True,8.53,5,34,19,False,Normal,False,False,False,2,False
423,055978521,Thalía Cabello,9,F,4,B,True,78.61,8.2,2.5,23,4,3,4,2,3,True,False,9.29,5,14,7,False,Normal,False,False,False,4,True
424,314583172,Vanesa Dávila,9,F,4,B,True,70.08,7.8,2.1,35,1,5,4,1,1,False,True,0.32,5,78,15,False,Normal,False,False,False,5,True
425,359699606,Claudia Rivas,9,F,4,B,True,96.96,5.6,3.0,35,1,1,2,2,2,True,True,6.78,3,47,17,True,Normal,False,False,True,1,False
426,8490,Yessenia Cáceres,11,F,6,B,True,89.52,4.3,1.2,21,2,4,4,1,5,True,True,9.6,5,56,14,True,Normal,False,False,False,3,False
427,4514,Úrsula Correa,8,F,3,B,True,85.46,8.6,3.7,24,3,2,5,1,4,False,False,10.78,1,64,15,False,Normal,False,False,False,3,False
428,7935,Valeria Saavedra,11,F,6,C,True,75.48,9.9,9.3,28,4,4,5,1,1,True,True,5.33,1,39,19,False,Normal,False,False,False,2,False
429,7432051997,Cirilo Moya,7,M,2,B,True,85.05,2.1,2.2,20,2,4,1,4,3,False,False,14.99,3,79,11,False,Normal,False,False,False,3,False
430,48171086,Armando Salinas,11,M,6,B,True,86.98,3.6,1.4,22,5,2,3,2,1,True,True,2.77,3,68,23,True,Normal,False,False,False,5,True
431,2751619,Ernesto Tapia,9,M,4,A,True,74.23,1.1,5.6,30,1,4,4,4,5,True,False,6.18,3,54,13,False,TEA,False,False,False,1,True
432,762172,Lara Farías,10,F,5,B,True,82.37,3.0,1.2,28,4,1,5,5,4,False,True,14.04,3,7,1,True,Normal,True,True,False,2,False
433,953797,Dante Godoy,8,M,3,A,True,87.74,3.4,2.8,23,3,3,3,3,1,False,True,11.97,5,49,25,False,Normal,False,False,False,1,False
434,4678598,Lisbeth Cordero,10,F,5,C,True,73.33,3.8,5.5,24,3,1,3,1,2,False,True,7.92,3,42,19,False,Normal,False,False,False,3,True
435,0610281,Florinda Araya,11,F,6,B,True,85.03,1.8,3.0,28,3,2,2,1,3,True,True,11.86,5,15,23,False,Normal,False,False,False,1,False
436,56252489,Zulma Barros,9,F,4,B,True,98.26,5.9,6.1,28,2,4,1,2,4,True,True,1.03,2,49,24,False,Normal,False,False,False,4,False
437,885724,Claudio Orellana,10,M,5,A,True,78.65,2.2,6.7,32,2,5,3,5,3,False,True,0.47,5,55,15,True,Normal,False,False,False,4,True
438,6142,Queila Rueda,8,F,3,A,True,78.93,3.0,6.2,30,3,5,5,1,1,False,True,12.8,5,15,21,False,Normal,False,False,False,2,False
439,0821881785,Eva Riquelme,11,F,6,B,True,71.45,3.1,3.5,24,4,5,4,1,3,True,True,13.07,1,34,26,False,Normal,True,False,False,4,False
440,30347,Melitón Cuevas,7,M,2,A,True,77.18,7.8,5.5,24,2,3,1,5,2,True,True,8.3,3,46,3,True,Normal,False,True,True,1,False
441,02844251,Sixto Valdés,11,M,6,B,False,75.76,1.6,5.3,23,5,2,1,1,4,True,True,11.56,2,15,29,False,Normal,False,False,False,4,False
442,52484,Araceli Paredes,7,F,2,B,True,94.08,8.6,5.3,20,5,5,2,4,3,True,True,12.73,1,59,30,False,Normal,False,True,False,2,True
443,70333772,Ángel Saavedra,10,M,5,C,True,93.75,5.9,9.0,27,5,2,4,5,1,True,True,1.66,5,57,3,False,TDAH,True,False,False,3,False
444,21807,Máximo Farías,9,M,4,B,True,97.67,6.7,8.6,33,4,5,4,4,5,True,True,0.39,2,77,11,True,Dislexia,False,False,True,1,False
445,33652323,Cristóbal Rivas,9,M,4,A,True,81.36,9.4,9.6,20,2,3,1,2,1,False,True,12.17,2,5,29,False,Normal,False,True,True,1,False
446,0549,Loreto Palacios,11,F,6,C,False,71.86,2.8,5.7,27,3,3,4,3,3,False,True,6.19,4,57,2,False,Normal,False,False,False,4,False
447,615736,Sandra Nieves,9,F,4,B,True,89.89,1.3,8.9,26,5,4,5,4,5,True,True,13.42,1,75,6,False,Normal,False,False,False,1,False
448,513976450,Darío Montes,10,M,5,C,False,91.7,7.1,3.2,26,1,4,1,2,2,False,True,1.13,5,40,5,False,Normal,False,False,False,4,False
449,1848027,Julián Toledo,11,M,6,A,True,89.34,3.5,6.2,20,4,2,4,1,2,True,True,5.79,4,75,24,False,TDAH,True,False,False,5,False
450,2784489,Fernanda Torres,10,F,5,A,True,89.05,1.4,3.9,28,3,2,3,5,3,True,True,14.49,2,62,21,False,Normal,False,False,False,5,False
451,81170,Florencia Molina,10,F,5,A,True,83.14,2.8,3.5,31,4,2,4,2,5,True,True,0.56,4,45,8,False,Normal,False,False,False,1,False
452,0582884,Mario Sepúlveda,6,M,1,B,True,76.23,1.5,8.1,34,3,1,5,5,5,False,False,12.94,3,3,23,False,Normal,False,False,False,2,False
453,943598,Wanda Valencia,9,F,4,B,True,71.35,2.0,1.2,23,4,3,4,1,3,True,True,4.33,4,23,5,False,Normal,True,False,False,5,False
454,5995020742,Lourdes Villar,11,F,6,C,True,92.25,9.3,6.1,27,5,4,5,1,4,True,True,11.11,5,17,13,False,Normal,False,False,False,3,False
455,596273,Martha Tapia,11,F,6,C,True,82.67,7.3,4.8,31,3,3,2,2,5,False,True,10.31,3,33,17,False,Normal,False,False,False,1,True
456,0966515,Marcial Suárez,8,M,3,C,True,81.32,7.3,6.8,30,3,4,5,3,3,False,True,6.36,1,31,27,False,TEA,False,False,True,4,False
457,8722386,Justino Rivas,10,M,5,C,True,89.0,4.3,5.5,33,3,1,5,1,2,False,False,9.57,5,0,19,False,Normal,False,False,True,4,False
458,2145,Héctor Fabián Ríos,8,M,3,B,False,88.07,8.6,8.0,21,3,4,2,4,4,True,True,4.03,4,63,17,False,Normal,False,False,False,3,True
459,2835801,Josué Beltrán,11,M,6,C,True,71.38,7.1,8.1,34,3,2,2,3,1,True,True,7.87,2,51,10,False,Normal,False,False,False,4,False
460,72008452,Gonzalo Montañez,9,M,4,A,True,74.38,9.2,1.6,31,4,4,5,3,2,False,True,3.63,2,24,29,False,Normal,False,False,False,2,False
461,810017021,Pablo Meza,10,M,5,C,False,81.59,5.7,8.8,31,4,5,4,3,2,True,True,12.12,4,9,26,False,Normal,False,True,False,5,False
462,177742,Ludmila Montero,10,F,5,B,True,75.04,4.7,7.2,26,3,1,5,3,5,False,True,11.0,2,20,14,False,Normal,False,False,False,1,False
463,479764991,Martina Gómez,6,F,1,C,True,94.04,4.5,5.6,21,2,5,3,3,2,False,True,12.6,5,43,6,False,Normal,False,False,False,4,False
464,849383694,Noé Bustamante,11,M,6,A,True,85.68,5.1,6.1,35,4,4,1,2,4,True,False,2.22,1,13,8,False,Normal,False,False,False,1,False
465,9826846444,Bernarda Ferrer,8,F,3,B,True,91.91,2.4,7.8,23,5,4,3,5,2,True,True,10.8,4,48,24,False,TEA,False,False,False,5,False
466,7885,Maite Ayala,8,F,3,B,False,79.14,2.1,6.4,29,5,4,1,3,4,True,True,3.01,2,72,18,False,Normal,False,False,False,1,False
467,208194608,Isabel Castillo,6,F,1,C,True,95.48,7.3,5.6,33,5,1,5,3,3,False,True,7.78,1,61,18,False,TDAH,False,False,False,1,True
468,399186,Ximena Navarro,6,F,1,C,True,98.6,5.4,6.0,26,4,1,4,1,4,True,True,8.45,4,58,28,False,Normal,False,False,False,1,False
469,6037775,Anabel Méndez,9,F,4,B,True,72.44,7.6,1.8,31,1,4,5,5,1,True,True,8.02,2,28,11,False,Normal,False,False,False,3,False
470,74514,Hugo Valencia,10,M,5,C,True,81.41,8.0,7.8,34,4,1,1,5,1,False,True,12.9,4,64,20,False,Normal,False,False,False,3,False
471,215779225,Julieta Torres,10,F,5,A,True,96.22,5.3,1.7,21,3,1,5,1,2,False,True,4.89,1,30,19,False,Normal,False,False,False,2,False
472,3640426,Mauricio Peres,11,M,6,B,True,82.44,8.5,2.8,28,2,2,1,2,2,False,True,10.65,1,28,6,False,TDAH,False,False,False,1,False
473,936866,Salomón Arango,10,M,5,A,True,73.17,7.3,5.8,23,4,5,2,4,3,False,True,3.42,4,16,22,False,TEA,True,False,False,2,True
474,82262,Aníbal Cortés,11,M,6,C,True,74.13,2.7,1.1,25,3,5,1,1,3,True,True,5.31,1,76,4,False,Normal,False,False,False,1,False
475,49865373,Nicole Domínguez,7,F,2,C,True,90.35,8.1,3.2,33,1,5,3,1,4,True,True,4.84,5,2,10,False,Normal,False,False,False,4,False
476,16624447,Eduardo Paredes,7,M,2,A,True,85.46,2.8,4.7,23,5,1,4,3,3,True,True,2.36,2,61,21,False,Normal,False,False,False,4,True
477,231501167,Amelia Segovia,9,F,4,C,True,94.94,2.3,7.1,35,2,2,2,2,3,True,True,0.62,5,52,22,False,TDAH,False,False,False,2,True
478,6080803247,Maximiliano Del Valle,11,M,6,C,True,75.97,1.7,8.3,31,1,4,1,4,1,True,True,9.41,2,74,20,False,Normal,False,False,False,1,False
479,6066,Margarita Montero,6,F,1,C,False,79.06,8.9,2.2,20,2,4,2,1,4,True,False,11.74,3,8,29,False,Normal,False,False,False,4,False
480,1624763777,Juliocésar Montaño,6,M,1,B,True,79.09,1.8,2.4,27,2,2,4,5,3,True,True,3.09,5,22,7,False,Normal,False,False,False,5,False
481,2894755,Emilia Saavedra,10,F,5,A,True,95.78,9.5,6.7,32,3,4,4,3,4,True,True,12.43,5,75,6,False,Normal,False,False,False,4,False
482,7029624266,Nemesio Rocha,7,M,2,C,True,98.09,7.5,1.5,30,5,1,3,1,4,False,True,2.9,4,23,10,False,Normal,False,False,False,2,True
483,4997876381,Bruno Herrera,8,M,3,A,True,90.17,3.0,8.1,31,5,3,1,3,5,True,True,11.05,1,26,12,True,Normal,False,False,False,4,False
484,6360736151,Graciela Pacheco,6,F,1,C,True,95.45,1.2,7.6,23,2,5,1,5,3,True,True,8.38,2,72,17,True,Normal,False,False,False,2,False
485,131038165,Zenón Cifuentes,8,M,3,C,True,94.87,3.6,6.6,29,4,4,1,1,4,True,True,13.12,5,77,1,True,TDAH,False,False,False,5,False
486,940695046,Tatiana Navarro,10,F,5,B,True,84.6,5.1,9.8,21,3,2,3,3,3,True,True,8.93,2,9,4,True,Normal,False,False,False,5,False
487,604841,Dagoberto Escalante,9,M,4,A,True,73.23,2.8,8.3,22,4,5,4,3,2,True,True,5.8,3,54,17,False,TEA,False,False,False,5,False
488,19518877,Noemí Zárate,10,F,5,C,True,71.78,4.4,6.9,21,5,1,2,4,5,True,True,10.53,5,47,30,False,Normal,False,False,False,1,False
489,5079761,Martina Ocampo,7,F,2,A,True,90.47,1.4,8.7,33,3,5,5,4,5,True,True,11.77,4,8,29,True,Normal,False,False,False,5,False
490,616927,Renzo Aguirre,11,M,6,A,True,90.76,1.7,4.5,21,2,2,5,5,2,True,True,2.95,3,35,27,True,Normal,False,False,False,5,False
491,85754,Tania Bravo,7,F,2,C,True,81.61,3.4,7.9,22,4,5,5,1,3,True,True,14.44,3,57,4,False,TDAH,False,False,False,5,False
492,4039855001,Marisela Lira,9,F,4,A,True,77.16,2.4,1.8,24,5,3,3,2,2,True,True,7.51,1,79,6,False,Normal,False,False,False,1,False
493,4404536,Geraldine Ríos,10,F,5,C,False,76.71,9.5,6.1,24,2,2,3,2,2,True,True,12.86,1,23,21,True,Normal,False,False,False,4,True
494,026890504,Santiago Martínez,10,M,5,C,True,81.54,4.3,8.6,24,4,1,4,4,2,True,False,3.93,4,20,22,False,Normal,False,True,False,4,False
495,180260607,Hildebrando Córdova,10,M,5,C,True,85.01,4.1,1.5,22,4,2,4,3,1,True,True,8.06,5,48,14,True,Normal,False,False,False,3,False
496,23084,Hilary Cifuentes,10,F,5,C,True,72.17,9.6,6.6,33,4,3,4,1,3,False,True,0.14,5,40,6,False,Normal,False,False,False,1,False
497,779142,Bruno Tejada,8,M,3,A,True,98.61,8.6,6.8,35,1,5,2,3,1,True,True,9.78,5,70,21,True,Normal,False,False,False,3,False
498,5511,Alejo Rojas,7,M,2,A,True,86.76,5.7,5.3,21,1,5,4,5,3,False,True,1.89,1,22,23,False,Normal,False,False,False,5,False
499,6690245,Brenda Rosales,9,F,4,A,True,85.83,5.3,9.2,20,5,3,3,3,3,True,True,10.83,1,39,1,False,TEA,True,True,False,2,False
500,3853986,Froilán Arredondo,9,M,4,B,True,91.24,6.9,8.5,28,5,5,3,4,1,True,True,7.74,4,59,23,False,Normal,False,False,False,3,False
501,297442,Esperanza Peña,8,F,3,B,True,94.34,8.7,2.7,20,5,1,4,2,4,True,True,11.68,2,11,25,False,Dislexia,False,False,False,3,False
502,87202,Patricio Venegas,6,M,1,C,True,84.44,2.6,4.4,24,2,2,5,4,4,True,False,7.75,5,46,16,False,Normal,False,False,False,1,False
503,2652879893,Antonio León,11,M,6,B,True,70.95,3.9,3.4,33,3,2,3,4,5,True,True,13.53,3,0,21,False,Normal,True,False,False,5,False
504,517611,Gervasio Ponce,10,M,5,B,True,83.41,8.4,6.9,28,4,1,5,2,3,False,True,0.98,2,34,30,True,Normal,False,False,False,5,False
505,1168233949,Marina Cardozo,8,F,3,A,True,71.42,1.0,8.9,35,5,1,1,2,2,False,True,8.43,3,15,7,False,Normal,False,False,False,3,False
506,4954,Lisandro Cárdenas,10,M,5,A,True,74.99,1.3,4.4,35,2,4,5,1,4,False,True,0.91,5,8,13,False,Dislexia,False,True,False,1,False
507,828361870,Xóchitl Zamora,11,F,6,A,True,91.31,4.0,1.4,29,4,4,5,2,4,True,False,6.55,3,69,27,False,Normal,True,False,False,4,True
508,7646831686,Carlos Rojas,7,M,2,B,True,92.07,1.4,7.4,31,1,3,4,2,3,True,True,2.46,3,11,8,True,Normal,False,False,False,2,False
509,90391,Julio César Méndez,6,M,1,B,True,73.87,8.6,1.3,23,1,2,1,4,3,False,True,0.98,3,53,4,False,TEA,False,False,False,5,True
510,17142749,Sinforoso Bustos,8,M,3,C,True,84.01,4.3,4.9,35,2,1,4,1,3,True,True,8.43,4,1,13,False,TDAH,False,False,False,3,False
511,6349350867,Quetzal Castillo,10,F,5,A,True,89.03,2.3,8.9,34,1,5,4,5,3,False,True,13.38,3,69,23,False,Normal,False,False,False,1,False
512,4180047141,Iván Godoy,9,M,4,C,True,72.55,3.0,5.3,23,3,5,5,4,3,True,True,14.04,5,10,12,False,Normal,False,False,False,2,False
513,629497,Ifigenio Saldaña,11,M,6,A,True,75.35,9.5,4.7,32,3,4,1,4,3,True,True,3.36,5,45,14,False,Normal,False,False,False,1,False
514,106032,Lilian Valenzuela,6,F,1,A,True,98.88,7.4,9.2,24,1,1,1,4,5,False,True,8.03,3,59,13,False,Normal,False,False,False,1,False
515,82696,Jocelyn Salgado,8,F,3,B,True,94.26,5.2,7.3,21,1,3,5,5,3,True,True,12.96,2,9,8,True,Normal,True,True,False,1,False
516,90063888,Iván Cornejo,10,M,5,A,True,96.52,10.0,9.1,21,3,5,5,2,5,True,True,3.83,4,41,1,False,Normal,True,True,False,3,False
517,5566949325,Eloy Cáceres,10,M,5,B,True,92.95,9.7,7.3,28,3,4,5,3,2,True,True,10.82,2,1,9,False,Normal,False,False,False,1,True
518,6491,Yadira Osorio,10,F,5,A,True,81.23,1.9,4.3,28,4,3,2,5,4,True,True,11.21,4,16,12,False,Normal,False,True,False,3,False
519,95388,Leonidas Palacios,8,M,3,A,True,80.5,3.7,4.8,26,1,4,2,2,5,False,True,0.32,3,4,9,True,Normal,False,False,False,2,False
520,041366760,Estela Esquivel,11,F,6,B,True,70.85,6.3,1.8,31,5,1,2,5,1,True,False,10.39,5,76,7,False,Normal,False,False,False,5,False
521,6029284,Jenaro Maldonado,10,M,5,B,True,70.44,2.4,8.2,27,3,4,5,5,5,False,True,13.3,4,19,7,False,Normal,False,False,False,1,False
522,8932642098,Gloria Herrera,7,F,2,A,True,72.96,7.5,6.5,35,4,5,4,4,1,True,False,6.15,3,41,25,False,Normal,False,False,True,4,False
523,7020746,Facundo Díaz,10,M,5,A,True,84.13,1.9,9.1,25,5,2,2,4,2,True,True,1.66,2,21,1,True,TDAH,False,False,False,5,False
524,83571554,Jessica Arce,10,F,5,B,True,75.43,4.4,6.1,29,2,3,4,5,4,True,False,5.12,5,62,20,False,Normal,False,False,False,1,False
525,595841,Raúl Villar,6,M,1,B,True,91.2,3.5,4.1,33,5,5,3,3,5,False,True,14.87,5,6,22,False,Normal,False,False,False,1,False
526,40891783,Aarón Herrera,7,M,2,A,True,88.65,6.3,6.1,24,5,4,4,2,2,True,True,7.63,1,48,17,False,Normal,False,False,False,4,False
527,393615333,Orlando Méndez,11,M,6,B,False,85.32,7.7,7.9,20,3,3,2,3,3,True,True,12.53,1,7,14,False,Normal,True,False,False,4,False
528,6764,José Luis Reyes,11,M,6,C,True,83.65,7.9,9.0,31,1,3,2,2,2,True,False,2.38,3,53,27,False,TDAH,False,False,False,4,False
529,83148548,Teresa Roldán,10,F,5,C,True,88.89,6.4,2.4,20,2,5,4,1,5,True,True,13.38,3,63,8,False,Normal,True,False,False,1,False
530,13357182,Matías López,8,M,3,B,True,81.38,7.3,6.0,30,2,1,4,1,3,True,False,7.21,3,65,24,False,Normal,False,False,False,2,False
531,3427,Violeta Cabrera,9,F,4,C,True,90.75,7.0,6.2,31,4,1,1,2,4,False,True,9.94,1,2,27,False,Normal,False,False,False,1,False
532,025616407,Nelly Rivas,6,F,1,B,False,99.9,7.1,8.9,22,1,3,1,3,3,True,True,14.62,1,55,15,False,Normal,False,False,False,5,True
533,05642875,Eliseo Barros,6,M,1,C,True,71.48,5.3,4.5,30,3,1,2,3,5,False,True,1.55,5,68,4,False,Normal,False,False,False,1,True
534,645421,Karina Fuentes,6,F,1,A,True,95.66,1.1,6.0,31,3,5,2,5,4,True,True,7.44,3,13,23,False,Normal,False,False,False,3,False
535,0788,Homero Paredes,7,M,2,B,True,79.47,5.5,4.7,35,1,3,5,1,2,False,True,7.19,4,52,28,True,TDAH,False,False,False,2,False
536,92320262,Edith Vega,7,F,2,A,True,85.19,4.3,6.0,26,2,5,1,3,2,False,False,5.52,4,35,26,False,TDAH,False,False,False,2,False
537,7174374737,Telmo Ceballos,9,M,4,A,True,99.94,9.6,5.5,28,4,4,1,2,3,True,True,8.37,1,38,18,False,Normal,False,False,False,3,True
538,865491,Tobías Nieva,7,M,2,A,True,91.61,7.2,4.3,22,4,2,3,2,2,False,True,5.51,4,58,28,False,Normal,True,False,False,5,False
539,973529,Ruth Ordoñez,9,F,4,C,True,86.15,6.7,1.8,35,5,2,1,3,5,True,True,5.81,5,58,12,False,Normal,False,True,False,4,False
540,8101139,Delfina Figueroa,9,F,4,B,True,99.96,9.5,2.2,23,5,2,1,5,1,True,True,5.47,5,38,18,False,TEA,False,False,False,1,False
